#1 [internal] load local bake definitions
#1 reading from stdin 1.54kB done
#1 DONE 0.0s

#2 [vllm_chat internal] load build definition from Dockerfile
#2 transferring dockerfile: 22.97kB 0.0s done
#2 DONE 0.0s

#3 [vllm_chat internal] load metadata for docker.io/nvidia/cuda:12.9.1-devel-ubuntu20.04
#3 DONE 1.0s

#4 [vllm_chat internal] load metadata for docker.io/nvidia/cuda:12.9.1-base-ubuntu22.04
#4 DONE 1.0s

#5 [vllm_embed internal] load .dockerignore
#5 transferring context: 387B 0.1s done
#5 DONE 0.1s

#6 [vllm_embed vllm-base  1/16] FROM docker.io/nvidia/cuda:12.9.1-base-ubuntu22.04@sha256:cfab6d524036220368d0665013dd79ddc8cd3516298dc12f031de62c8481f87e
#6 resolve docker.io/nvidia/cuda:12.9.1-base-ubuntu22.04@sha256:cfab6d524036220368d0665013dd79ddc8cd3516298dc12f031de62c8481f87e 0.0s done
#6 DONE 0.0s

#7 [vllm_chat vllm-base  2/16] WORKDIR /vllm-workspace
#7 CACHED

#8 [vllm_chat vllm-base  3/16] RUN PYTHON_VERSION_STR=$(echo 3.12 | sed 's/\.//g') &&     echo "export PYTHON_VERSION_STR=${PYTHON_VERSION_STR}" >> /etc/environment
#8 CACHED

#9 [vllm_embed base 1/8] FROM docker.io/nvidia/cuda:12.9.1-devel-ubuntu20.04@sha256:006428494316cab0cc7c62784d91d28b8f2163dde80db2de66434cfc1bf6eac0
#9 resolve docker.io/nvidia/cuda:12.9.1-devel-ubuntu20.04@sha256:006428494316cab0cc7c62784d91d28b8f2163dde80db2de66434cfc1bf6eac0 0.0s done
#9 sha256:55ed784654146928b647b823eb30b13fa77fee75397f535dd44f47e1b06a5324 116.39MB / 2.82GB 0.2s
#9 sha256:28a8250ccb3ce5ce383dfa2aef68181b89655711eb86f5b343c73f51432d8e16 108.00MB / 2.25GB 0.2s
#9 sha256:99f96b12d96802199567f3faa3fe8d638ee41dbfbf68f973b80f2a1dc344e8ef 74.45MB / 97.59MB 0.2s
#9 sha256:793cc0a295df0c17628aeba62dfb014da11710d02f7c49508b83cb32c9efcb61 3.15MB / 7.80MB 0.2s
#9 sha256:793cc0a295df0c17628aeba62dfb014da11710d02f7c49508b83cb32c9efcb61 4.19MB / 7.80MB 4.7s
#9 sha256:55ed784654146928b647b823eb30b13fa77fee75397f535dd44f47e1b06a5324 124.78MB / 2.82GB 5.3s
#9 sha256:28a8250ccb3ce5ce383dfa2aef68181b89655711eb86f5b343c73f51432d8e16 112.20MB / 2.25GB 5.3s
#9 sha256:99f96b12d96802199567f3faa3fe8d638ee41dbfbf68f973b80f2a1dc344e8ef 77.59MB / 97.59MB 5.3s
#9 sha256:793cc0a295df0c17628aeba62dfb014da11710d02f7c49508b83cb32c9efcb61 5.24MB / 7.80MB 6.8s
#9 sha256:793cc0a295df0c17628aeba62dfb014da11710d02f7c49508b83cb32c9efcb61 6.29MB / 7.80MB 8.7s
#9 ...

#10 [vllm_chat vllm-base  4/16] RUN echo 'tzdata tzdata/Areas select America' | debconf-set-selections     && echo 'tzdata tzdata/Zones/America select Los_Angeles' | debconf-set-selections     && apt-get update -y     && apt-get install -y --no-install-recommends         software-properties-common         curl         sudo         python3-pip         ffmpeg         libsm6         libxext6         libgl1     && if [ ! -z ${DEADSNAKES_MIRROR_URL} ] ; then         if [ ! -z "${DEADSNAKES_GPGKEY_URL}" ] ; then             mkdir -p -m 0755 /etc/apt/keyrings ;             curl -L ${DEADSNAKES_GPGKEY_URL} | gpg --dearmor > /etc/apt/keyrings/deadsnakes.gpg ;             sudo chmod 644 /etc/apt/keyrings/deadsnakes.gpg ;             echo "deb [signed-by=/etc/apt/keyrings/deadsnakes.gpg] ${DEADSNAKES_MIRROR_URL} $(lsb_release -cs) main" > /etc/apt/sources.list.d/deadsnakes.list ;         fi ;     else         for i in 1 2 3; do             add-apt-repository -y ppa:deadsnakes/ppa && break ||             { echo "Attempt $i failed, retrying in 5s..."; sleep 5; };         done ;     fi     && apt-get update -y     && apt-get install -y --no-install-recommends         python3.12         python3.12-dev         python3.12-venv         libibverbs-dev     && rm -rf /var/lib/apt/lists/*     && update-alternatives --install /usr/bin/python3 python3 /usr/bin/python3.12 1     && update-alternatives --set python3 /usr/bin/python3.12     && ln -sf /usr/bin/python3.12-config /usr/bin/python3-config     && curl -sS https://bootstrap.pypa.io/get-pip.py | python3.12     && python3 --version && python3 -m pip --version
#10 3.151 Get:1 http://ports.ubuntu.com/ubuntu-ports jammy InRelease [270 kB]
#10 4.797 Get:2 https://developer.download.nvidia.com/compute/cuda/repos/ubuntu2204/sbsa  InRelease [1579 B]
#10 6.067 Get:3 http://ports.ubuntu.com/ubuntu-ports jammy-updates InRelease [128 kB]
#10 6.643 Get:4 http://ports.ubuntu.com/ubuntu-ports jammy-backports InRelease [127 kB]
#10 7.160 Get:5 http://ports.ubuntu.com/ubuntu-ports jammy-security InRelease [129 kB]
#10 8.760 Get:6 http://ports.ubuntu.com/ubuntu-ports jammy/multiverse arm64 Packages [224 kB]
#10 8.803 Get:7 https://developer.download.nvidia.com/compute/cuda/repos/ubuntu2204/sbsa  Packages [1678 kB]
#10 9.763 Get:8 http://ports.ubuntu.com/ubuntu-ports jammy/restricted arm64 Packages [24.2 kB]
#10 10.01 Get:9 http://ports.ubuntu.com/ubuntu-ports jammy/main arm64 Packages [1758 kB]
#10 ...

#11 [vllm_embed internal] load build context
#11 transferring context: 140.92kB 10.2s
#11 ...

#9 [vllm_embed base 1/8] FROM docker.io/nvidia/cuda:12.9.1-devel-ubuntu20.04@sha256:006428494316cab0cc7c62784d91d28b8f2163dde80db2de66434cfc1bf6eac0
#9 sha256:55ed784654146928b647b823eb30b13fa77fee75397f535dd44f47e1b06a5324 131.07MB / 2.82GB 10.4s
#9 sha256:28a8250ccb3ce5ce383dfa2aef68181b89655711eb86f5b343c73f51432d8e16 117.44MB / 2.25GB 10.4s
#9 sha256:793cc0a295df0c17628aeba62dfb014da11710d02f7c49508b83cb32c9efcb61 7.34MB / 7.80MB 10.2s
#9 sha256:99f96b12d96802199567f3faa3fe8d638ee41dbfbf68f973b80f2a1dc344e8ef 81.79MB / 97.59MB 10.4s
#9 sha256:793cc0a295df0c17628aeba62dfb014da11710d02f7c49508b83cb32c9efcb61 7.80MB / 7.80MB 10.8s done
#9 sha256:ecd83b6c354452b6a9979c7666bba16927f1e60e2afbfe6401dd6f87d5db8576 0B / 25.98MB 0.2s
#9 sha256:55ed784654146928b647b823eb30b13fa77fee75397f535dd44f47e1b06a5324 135.27MB / 2.82GB 17.4s
#9 sha256:28a8250ccb3ce5ce383dfa2aef68181b89655711eb86f5b343c73f51432d8e16 121.63MB / 2.25GB 17.1s
#9 sha256:99f96b12d96802199567f3faa3fe8d638ee41dbfbf68f973b80f2a1dc344e8ef 84.93MB / 97.59MB 17.0s
#9 sha256:ecd83b6c354452b6a9979c7666bba16927f1e60e2afbfe6401dd6f87d5db8576 1.05MB / 25.98MB 6.2s
#9 sha256:ecd83b6c354452b6a9979c7666bba16927f1e60e2afbfe6401dd6f87d5db8576 3.15MB / 25.98MB 7.8s
#9 ...

#11 [vllm_embed internal] load build context
#11 transferring context: 271.82kB 20.7s done
#11 DONE 20.7s

#9 [vllm_embed base 1/8] FROM docker.io/nvidia/cuda:12.9.1-devel-ubuntu20.04@sha256:006428494316cab0cc7c62784d91d28b8f2163dde80db2de66434cfc1bf6eac0
#9 ...

#10 [vllm_chat vllm-base  4/16] RUN echo 'tzdata tzdata/Areas select America' | debconf-set-selections     && echo 'tzdata tzdata/Zones/America select Los_Angeles' | debconf-set-selections     && apt-get update -y     && apt-get install -y --no-install-recommends         software-properties-common         curl         sudo         python3-pip         ffmpeg         libsm6         libxext6         libgl1     && if [ ! -z ${DEADSNAKES_MIRROR_URL} ] ; then         if [ ! -z "${DEADSNAKES_GPGKEY_URL}" ] ; then             mkdir -p -m 0755 /etc/apt/keyrings ;             curl -L ${DEADSNAKES_GPGKEY_URL} | gpg --dearmor > /etc/apt/keyrings/deadsnakes.gpg ;             sudo chmod 644 /etc/apt/keyrings/deadsnakes.gpg ;             echo "deb [signed-by=/etc/apt/keyrings/deadsnakes.gpg] ${DEADSNAKES_MIRROR_URL} $(lsb_release -cs) main" > /etc/apt/sources.list.d/deadsnakes.list ;         fi ;     else         for i in 1 2 3; do             add-apt-repository -y ppa:deadsnakes/ppa && break ||             { echo "Attempt $i failed, retrying in 5s..."; sleep 5; };         done ;     fi     && apt-get update -y     && apt-get install -y --no-install-recommends         python3.12         python3.12-dev         python3.12-venv         libibverbs-dev     && rm -rf /var/lib/apt/lists/*     && update-alternatives --install /usr/bin/python3 python3 /usr/bin/python3.12 1     && update-alternatives --set python3 /usr/bin/python3.12     && ln -sf /usr/bin/python3.12-config /usr/bin/python3-config     && curl -sS https://bootstrap.pypa.io/get-pip.py | python3.12     && python3 --version && python3 -m pip --version
#10 14.42 Get:10 http://ports.ubuntu.com/ubuntu-ports jammy/universe arm64 Packages [17.2 MB]
#10 ...

#9 [vllm_embed base 1/8] FROM docker.io/nvidia/cuda:12.9.1-devel-ubuntu20.04@sha256:006428494316cab0cc7c62784d91d28b8f2163dde80db2de66434cfc1bf6eac0
#9 sha256:ecd83b6c354452b6a9979c7666bba16927f1e60e2afbfe6401dd6f87d5db8576 5.24MB / 25.98MB 11.0s
#9 sha256:28a8250ccb3ce5ce383dfa2aef68181b89655711eb86f5b343c73f51432d8e16 126.88MB / 2.25GB 22.2s
#9 sha256:55ed784654146928b647b823eb30b13fa77fee75397f535dd44f47e1b06a5324 139.46MB / 2.82GB 22.5s
#9 sha256:99f96b12d96802199567f3faa3fe8d638ee41dbfbf68f973b80f2a1dc344e8ef 89.13MB / 97.59MB 22.1s
#9 sha256:ecd83b6c354452b6a9979c7666bba16927f1e60e2afbfe6401dd6f87d5db8576 7.34MB / 25.98MB 13.7s
#9 sha256:28a8250ccb3ce5ce383dfa2aef68181b89655711eb86f5b343c73f51432d8e16 132.12MB / 2.25GB 27.3s
#9 sha256:ecd83b6c354452b6a9979c7666bba16927f1e60e2afbfe6401dd6f87d5db8576 9.44MB / 25.98MB 16.2s
#9 sha256:55ed784654146928b647b823eb30b13fa77fee75397f535dd44f47e1b06a5324 143.65MB / 2.82GB 27.6s
#9 sha256:99f96b12d96802199567f3faa3fe8d638ee41dbfbf68f973b80f2a1dc344e8ef 93.32MB / 97.59MB 27.2s
#9 sha256:ecd83b6c354452b6a9979c7666bba16927f1e60e2afbfe6401dd6f87d5db8576 11.53MB / 25.98MB 18.5s
#9 sha256:99f96b12d96802199567f3faa3fe8d638ee41dbfbf68f973b80f2a1dc344e8ef 97.59MB / 97.59MB 30.9s done
#9 sha256:ecd83b6c354452b6a9979c7666bba16927f1e60e2afbfe6401dd6f87d5db8576 13.63MB / 25.98MB 20.7s
#9 sha256:28a8250ccb3ce5ce383dfa2aef68181b89655711eb86f5b343c73f51432d8e16 136.31MB / 2.25GB 32.4s
#9 sha256:55ed784654146928b647b823eb30b13fa77fee75397f535dd44f47e1b06a5324 147.85MB / 2.82GB 32.7s
#9 sha256:ecd83b6c354452b6a9979c7666bba16927f1e60e2afbfe6401dd6f87d5db8576 15.73MB / 25.98MB 22.8s
#9 sha256:ecd83b6c354452b6a9979c7666bba16927f1e60e2afbfe6401dd6f87d5db8576 17.83MB / 25.98MB 24.9s
#9 sha256:28a8250ccb3ce5ce383dfa2aef68181b89655711eb86f5b343c73f51432d8e16 141.56MB / 2.25GB 37.5s
#9 sha256:55ed784654146928b647b823eb30b13fa77fee75397f535dd44f47e1b06a5324 153.09MB / 2.82GB 37.8s
#9 sha256:ecd83b6c354452b6a9979c7666bba16927f1e60e2afbfe6401dd6f87d5db8576 19.92MB / 25.98MB 26.9s
#9 sha256:ecd83b6c354452b6a9979c7666bba16927f1e60e2afbfe6401dd6f87d5db8576 22.02MB / 25.98MB 28.8s
#9 sha256:ecd83b6c354452b6a9979c7666bba16927f1e60e2afbfe6401dd6f87d5db8576 24.12MB / 25.98MB 30.3s
#9 sha256:28a8250ccb3ce5ce383dfa2aef68181b89655711eb86f5b343c73f51432d8e16 146.80MB / 2.25GB 42.6s
#9 sha256:55ed784654146928b647b823eb30b13fa77fee75397f535dd44f47e1b06a5324 157.29MB / 2.82GB 42.9s
#9 sha256:ecd83b6c354452b6a9979c7666bba16927f1e60e2afbfe6401dd6f87d5db8576 25.98MB / 25.98MB 31.6s done
#9 extracting sha256:ecd83b6c354452b6a9979c7666bba16927f1e60e2afbfe6401dd6f87d5db8576
#9 extracting sha256:ecd83b6c354452b6a9979c7666bba16927f1e60e2afbfe6401dd6f87d5db8576 0.9s done
#9 extracting sha256:793cc0a295df0c17628aeba62dfb014da11710d02f7c49508b83cb32c9efcb61
#9 extracting sha256:793cc0a295df0c17628aeba62dfb014da11710d02f7c49508b83cb32c9efcb61 0.3s done
#9 extracting sha256:99f96b12d96802199567f3faa3fe8d638ee41dbfbf68f973b80f2a1dc344e8ef
#9 extracting sha256:99f96b12d96802199567f3faa3fe8d638ee41dbfbf68f973b80f2a1dc344e8ef 1.7s done
#9 extracting sha256:99f96b12d96802199567f3faa3fe8d638ee41dbfbf68f973b80f2a1dc344e8ef 1.7s done
#9 extracting sha256:14847ad4575a10ebcc140b6768e5113ffb73688a1af6eff74fdf44fbdd754d51 0.0s done
#9 extracting sha256:475408d1045e390e4da24cae9a345183ba1b1895a1a37649235b2c03c9215f1a 0.0s done
#9 sha256:28a8250ccb3ce5ce383dfa2aef68181b89655711eb86f5b343c73f51432d8e16 155.19MB / 2.25GB 49.6s
#9 sha256:55ed784654146928b647b823eb30b13fa77fee75397f535dd44f47e1b06a5324 164.63MB / 2.82GB 49.9s
#9 sha256:28a8250ccb3ce5ce383dfa2aef68181b89655711eb86f5b343c73f51432d8e16 163.58MB / 2.25GB 54.7s
#9 sha256:55ed784654146928b647b823eb30b13fa77fee75397f535dd44f47e1b06a5324 173.02MB / 2.82GB 55.0s
#9 ...

#10 [vllm_chat vllm-base  4/16] RUN echo 'tzdata tzdata/Areas select America' | debconf-set-selections     && echo 'tzdata tzdata/Zones/America select Los_Angeles' | debconf-set-selections     && apt-get update -y     && apt-get install -y --no-install-recommends         software-properties-common         curl         sudo         python3-pip         ffmpeg         libsm6         libxext6         libgl1     && if [ ! -z ${DEADSNAKES_MIRROR_URL} ] ; then         if [ ! -z "${DEADSNAKES_GPGKEY_URL}" ] ; then             mkdir -p -m 0755 /etc/apt/keyrings ;             curl -L ${DEADSNAKES_GPGKEY_URL} | gpg --dearmor > /etc/apt/keyrings/deadsnakes.gpg ;             sudo chmod 644 /etc/apt/keyrings/deadsnakes.gpg ;             echo "deb [signed-by=/etc/apt/keyrings/deadsnakes.gpg] ${DEADSNAKES_MIRROR_URL} $(lsb_release -cs) main" > /etc/apt/sources.list.d/deadsnakes.list ;         fi ;     else         for i in 1 2 3; do             add-apt-repository -y ppa:deadsnakes/ppa && break ||             { echo "Attempt $i failed, retrying in 5s..."; sleep 5; };         done ;     fi     && apt-get update -y     && apt-get install -y --no-install-recommends         python3.12         python3.12-dev         python3.12-venv         libibverbs-dev     && rm -rf /var/lib/apt/lists/*     && update-alternatives --install /usr/bin/python3 python3 /usr/bin/python3.12 1     && update-alternatives --set python3 /usr/bin/python3.12     && ln -sf /usr/bin/python3.12-config /usr/bin/python3-config     && curl -sS https://bootstrap.pypa.io/get-pip.py | python3.12     && python3 --version && python3 -m pip --version
#10 44.52 Get:11 http://ports.ubuntu.com/ubuntu-ports jammy-updates/multiverse arm64 Packages [46.0 kB]
#10 45.09 Get:12 http://ports.ubuntu.com/ubuntu-ports jammy-updates/main arm64 Packages [3618 kB]
#10 56.21 Get:13 http://ports.ubuntu.com/ubuntu-ports jammy-updates/restricted arm64 Packages [5855 kB]
#10 ...

#9 [vllm_chat base 1/8] FROM docker.io/nvidia/cuda:12.9.1-devel-ubuntu20.04@sha256:006428494316cab0cc7c62784d91d28b8f2163dde80db2de66434cfc1bf6eac0
#9 sha256:28a8250ccb3ce5ce383dfa2aef68181b89655711eb86f5b343c73f51432d8e16 171.97MB / 2.25GB 59.8s
#9 sha256:55ed784654146928b647b823eb30b13fa77fee75397f535dd44f47e1b06a5324 180.36MB / 2.82GB 60.1s
#9 ...

#10 [vllm_chat vllm-base  4/16] RUN echo 'tzdata tzdata/Areas select America' | debconf-set-selections     && echo 'tzdata tzdata/Zones/America select Los_Angeles' | debconf-set-selections     && apt-get update -y     && apt-get install -y --no-install-recommends         software-properties-common         curl         sudo         python3-pip         ffmpeg         libsm6         libxext6         libgl1     && if [ ! -z ${DEADSNAKES_MIRROR_URL} ] ; then         if [ ! -z "${DEADSNAKES_GPGKEY_URL}" ] ; then             mkdir -p -m 0755 /etc/apt/keyrings ;             curl -L ${DEADSNAKES_GPGKEY_URL} | gpg --dearmor > /etc/apt/keyrings/deadsnakes.gpg ;             sudo chmod 644 /etc/apt/keyrings/deadsnakes.gpg ;             echo "deb [signed-by=/etc/apt/keyrings/deadsnakes.gpg] ${DEADSNAKES_MIRROR_URL} $(lsb_release -cs) main" > /etc/apt/sources.list.d/deadsnakes.list ;         fi ;     else         for i in 1 2 3; do             add-apt-repository -y ppa:deadsnakes/ppa && break ||             { echo "Attempt $i failed, retrying in 5s..."; sleep 5; };         done ;     fi     && apt-get update -y     && apt-get install -y --no-install-recommends         python3.12         python3.12-dev         python3.12-venv         libibverbs-dev     && rm -rf /var/lib/apt/lists/*     && update-alternatives --install /usr/bin/python3 python3 /usr/bin/python3.12 1     && update-alternatives --set python3 /usr/bin/python3.12     && ln -sf /usr/bin/python3.12-config /usr/bin/python3-config     && curl -sS https://bootstrap.pypa.io/get-pip.py | python3.12     && python3 --version && python3 -m pip --version
#10 64.05 Get:14 http://ports.ubuntu.com/ubuntu-ports jammy-updates/universe arm64 Packages [1617 kB]
#10 66.74 Get:15 http://ports.ubuntu.com/ubuntu-ports jammy-backports/main arm64 Packages [83.5 kB]
#10 67.00 Get:16 http://ports.ubuntu.com/ubuntu-ports jammy-backports/universe arm64 Packages [33.3 kB]
#10 67.18 Get:17 http://ports.ubuntu.com/ubuntu-ports jammy-security/restricted arm64 Packages [5643 kB]
#10 ...

#9 [vllm_chat base 1/8] FROM docker.io/nvidia/cuda:12.9.1-devel-ubuntu20.04@sha256:006428494316cab0cc7c62784d91d28b8f2163dde80db2de66434cfc1bf6eac0
#9 sha256:55ed784654146928b647b823eb30b13fa77fee75397f535dd44f47e1b06a5324 192.94MB / 2.82GB 68.8s
#9 sha256:28a8250ccb3ce5ce383dfa2aef68181b89655711eb86f5b343c73f51432d8e16 186.65MB / 2.25GB 68.7s
#9 ...

#10 [vllm_chat vllm-base  4/16] RUN echo 'tzdata tzdata/Areas select America' | debconf-set-selections     && echo 'tzdata tzdata/Zones/America select Los_Angeles' | debconf-set-selections     && apt-get update -y     && apt-get install -y --no-install-recommends         software-properties-common         curl         sudo         python3-pip         ffmpeg         libsm6         libxext6         libgl1     && if [ ! -z ${DEADSNAKES_MIRROR_URL} ] ; then         if [ ! -z "${DEADSNAKES_GPGKEY_URL}" ] ; then             mkdir -p -m 0755 /etc/apt/keyrings ;             curl -L ${DEADSNAKES_GPGKEY_URL} | gpg --dearmor > /etc/apt/keyrings/deadsnakes.gpg ;             sudo chmod 644 /etc/apt/keyrings/deadsnakes.gpg ;             echo "deb [signed-by=/etc/apt/keyrings/deadsnakes.gpg] ${DEADSNAKES_MIRROR_URL} $(lsb_release -cs) main" > /etc/apt/sources.list.d/deadsnakes.list ;         fi ;     else         for i in 1 2 3; do             add-apt-repository -y ppa:deadsnakes/ppa && break ||             { echo "Attempt $i failed, retrying in 5s..."; sleep 5; };         done ;     fi     && apt-get update -y     && apt-get install -y --no-install-recommends         python3.12         python3.12-dev         python3.12-venv         libibverbs-dev     && rm -rf /var/lib/apt/lists/*     && update-alternatives --install /usr/bin/python3 python3 /usr/bin/python3.12 1     && update-alternatives --set python3 /usr/bin/python3.12     && ln -sf /usr/bin/python3.12-config /usr/bin/python3-config     && curl -sS https://bootstrap.pypa.io/get-pip.py | python3.12     && python3 --version && python3 -m pip --version
#10 74.06 Get:18 http://ports.ubuntu.com/ubuntu-ports jammy-security/universe arm64 Packages [1319 kB]
#10 75.85 Get:19 http://ports.ubuntu.com/ubuntu-ports jammy-security/multiverse arm64 Packages [39.5 kB]
#10 76.04 Get:20 http://ports.ubuntu.com/ubuntu-ports jammy-security/main arm64 Packages [3294 kB]
#10 ...

#9 [vllm_chat base 1/8] FROM docker.io/nvidia/cuda:12.9.1-devel-ubuntu20.04@sha256:006428494316cab0cc7c62784d91d28b8f2163dde80db2de66434cfc1bf6eac0
#9 sha256:55ed784654146928b647b823eb30b13fa77fee75397f535dd44f47e1b06a5324 208.67MB / 2.82GB 78.7s
#9 sha256:28a8250ccb3ce5ce383dfa2aef68181b89655711eb86f5b343c73f51432d8e16 201.33MB / 2.25GB 78.6s
#9 sha256:55ed784654146928b647b823eb30b13fa77fee75397f535dd44f47e1b06a5324 213.91MB / 2.82GB 83.7s
#9 sha256:28a8250ccb3ce5ce383dfa2aef68181b89655711eb86f5b343c73f51432d8e16 206.57MB / 2.25GB 83.6s
#9 sha256:55ed784654146928b647b823eb30b13fa77fee75397f535dd44f47e1b06a5324 223.35MB / 2.82GB 88.8s
#9 sha256:28a8250ccb3ce5ce383dfa2aef68181b89655711eb86f5b343c73f51432d8e16 216.01MB / 2.25GB 88.7s
#9 ...

#10 [vllm_chat vllm-base  4/16] RUN echo 'tzdata tzdata/Areas select America' | debconf-set-selections     && echo 'tzdata tzdata/Zones/America select Los_Angeles' | debconf-set-selections     && apt-get update -y     && apt-get install -y --no-install-recommends         software-properties-common         curl         sudo         python3-pip         ffmpeg         libsm6         libxext6         libgl1     && if [ ! -z ${DEADSNAKES_MIRROR_URL} ] ; then         if [ ! -z "${DEADSNAKES_GPGKEY_URL}" ] ; then             mkdir -p -m 0755 /etc/apt/keyrings ;             curl -L ${DEADSNAKES_GPGKEY_URL} | gpg --dearmor > /etc/apt/keyrings/deadsnakes.gpg ;             sudo chmod 644 /etc/apt/keyrings/deadsnakes.gpg ;             echo "deb [signed-by=/etc/apt/keyrings/deadsnakes.gpg] ${DEADSNAKES_MIRROR_URL} $(lsb_release -cs) main" > /etc/apt/sources.list.d/deadsnakes.list ;         fi ;     else         for i in 1 2 3; do             add-apt-repository -y ppa:deadsnakes/ppa && break ||             { echo "Attempt $i failed, retrying in 5s..."; sleep 5; };         done ;     fi     && apt-get update -y     && apt-get install -y --no-install-recommends         python3.12         python3.12-dev         python3.12-venv         libibverbs-dev     && rm -rf /var/lib/apt/lists/*     && update-alternatives --install /usr/bin/python3 python3 /usr/bin/python3.12 1     && update-alternatives --set python3 /usr/bin/python3.12     && ln -sf /usr/bin/python3.12-config /usr/bin/python3-config     && curl -sS https://bootstrap.pypa.io/get-pip.py | python3.12     && python3 --version && python3 -m pip --version
#10 83.35 Fetched 43.1 MB in 1min 13s (587 kB/s)
#10 83.35 Reading package lists...
#10 ...

#9 [vllm_chat base 1/8] FROM docker.io/nvidia/cuda:12.9.1-devel-ubuntu20.04@sha256:006428494316cab0cc7c62784d91d28b8f2163dde80db2de66434cfc1bf6eac0
#9 sha256:55ed784654146928b647b823eb30b13fa77fee75397f535dd44f47e1b06a5324 232.78MB / 2.82GB 93.9s
#9 sha256:28a8250ccb3ce5ce383dfa2aef68181b89655711eb86f5b343c73f51432d8e16 225.44MB / 2.25GB 93.8s
#9 sha256:55ed784654146928b647b823eb30b13fa77fee75397f535dd44f47e1b06a5324 243.27MB / 2.82GB 99.0s
#9 sha256:28a8250ccb3ce5ce383dfa2aef68181b89655711eb86f5b343c73f51432d8e16 234.88MB / 2.25GB 98.9s
#9 ...

#10 [vllm_chat vllm-base  4/16] RUN echo 'tzdata tzdata/Areas select America' | debconf-set-selections     && echo 'tzdata tzdata/Zones/America select Los_Angeles' | debconf-set-selections     && apt-get update -y     && apt-get install -y --no-install-recommends         software-properties-common         curl         sudo         python3-pip         ffmpeg         libsm6         libxext6         libgl1     && if [ ! -z ${DEADSNAKES_MIRROR_URL} ] ; then         if [ ! -z "${DEADSNAKES_GPGKEY_URL}" ] ; then             mkdir -p -m 0755 /etc/apt/keyrings ;             curl -L ${DEADSNAKES_GPGKEY_URL} | gpg --dearmor > /etc/apt/keyrings/deadsnakes.gpg ;             sudo chmod 644 /etc/apt/keyrings/deadsnakes.gpg ;             echo "deb [signed-by=/etc/apt/keyrings/deadsnakes.gpg] ${DEADSNAKES_MIRROR_URL} $(lsb_release -cs) main" > /etc/apt/sources.list.d/deadsnakes.list ;         fi ;     else         for i in 1 2 3; do             add-apt-repository -y ppa:deadsnakes/ppa && break ||             { echo "Attempt $i failed, retrying in 5s..."; sleep 5; };         done ;     fi     && apt-get update -y     && apt-get install -y --no-install-recommends         python3.12         python3.12-dev         python3.12-venv         libibverbs-dev     && rm -rf /var/lib/apt/lists/*     && update-alternatives --install /usr/bin/python3 python3 /usr/bin/python3.12 1     && update-alternatives --set python3 /usr/bin/python3.12     && ln -sf /usr/bin/python3.12-config /usr/bin/python3-config     && curl -sS https://bootstrap.pypa.io/get-pip.py | python3.12     && python3 --version && python3 -m pip --version
#10 83.35 Reading package lists...
#10 94.37 Reading package lists...
#10 ...

#9 [vllm_chat base 1/8] FROM docker.io/nvidia/cuda:12.9.1-devel-ubuntu20.04@sha256:006428494316cab0cc7c62784d91d28b8f2163dde80db2de66434cfc1bf6eac0
#9 sha256:55ed784654146928b647b823eb30b13fa77fee75397f535dd44f47e1b06a5324 252.71MB / 2.82GB 104.1s
#9 sha256:28a8250ccb3ce5ce383dfa2aef68181b89655711eb86f5b343c73f51432d8e16 244.32MB / 2.25GB 104.0s
#9 sha256:55ed784654146928b647b823eb30b13fa77fee75397f535dd44f47e1b06a5324 262.14MB / 2.82GB 109.2s
#9 sha256:28a8250ccb3ce5ce383dfa2aef68181b89655711eb86f5b343c73f51432d8e16 253.76MB / 2.25GB 109.1s
#9 sha256:55ed784654146928b647b823eb30b13fa77fee75397f535dd44f47e1b06a5324 270.53MB / 2.82GB 114.4s
#9 sha256:28a8250ccb3ce5ce383dfa2aef68181b89655711eb86f5b343c73f51432d8e16 261.10MB / 2.25GB 114.2s
#9 ...

#10 [vllm_chat vllm-base  4/16] RUN echo 'tzdata tzdata/Areas select America' | debconf-set-selections     && echo 'tzdata tzdata/Zones/America select Los_Angeles' | debconf-set-selections     && apt-get update -y     && apt-get install -y --no-install-recommends         software-properties-common         curl         sudo         python3-pip         ffmpeg         libsm6         libxext6         libgl1     && if [ ! -z ${DEADSNAKES_MIRROR_URL} ] ; then         if [ ! -z "${DEADSNAKES_GPGKEY_URL}" ] ; then             mkdir -p -m 0755 /etc/apt/keyrings ;             curl -L ${DEADSNAKES_GPGKEY_URL} | gpg --dearmor > /etc/apt/keyrings/deadsnakes.gpg ;             sudo chmod 644 /etc/apt/keyrings/deadsnakes.gpg ;             echo "deb [signed-by=/etc/apt/keyrings/deadsnakes.gpg] ${DEADSNAKES_MIRROR_URL} $(lsb_release -cs) main" > /etc/apt/sources.list.d/deadsnakes.list ;         fi ;     else         for i in 1 2 3; do             add-apt-repository -y ppa:deadsnakes/ppa && break ||             { echo "Attempt $i failed, retrying in 5s..."; sleep 5; };         done ;     fi     && apt-get update -y     && apt-get install -y --no-install-recommends         python3.12         python3.12-dev         python3.12-venv         libibverbs-dev     && rm -rf /var/lib/apt/lists/*     && update-alternatives --install /usr/bin/python3 python3 /usr/bin/python3.12 1     && update-alternatives --set python3 /usr/bin/python3.12     && ln -sf /usr/bin/python3.12-config /usr/bin/python3-config     && curl -sS https://bootstrap.pypa.io/get-pip.py | python3.12     && python3 --version && python3 -m pip --version
#10 94.37 Reading package lists...
#10 105.3 Building dependency tree...
#10 106.3 Reading state information...
#10 107.4 The following additional packages will be installed:
#10 107.4   dbus distro-info-data fontconfig fontconfig-config fonts-dejavu-core
#10 107.4   gcc-12-base gir1.2-glib-2.0 gir1.2-packagekitglib-1.0 iso-codes libaom3
#10 107.4   libapparmor1 libappstream4 libargon2-1 libasound2 libasound2-data libass9
#10 107.4   libasyncns0 libavc1394-0 libavcodec58 libavdevice58 libavfilter7
#10 107.4   libavformat58 libavutil56 libblas3 libbluray2 libbrotli1 libbs2b0 libbsd0
#10 107.4   libcaca0 libcairo-gobject2 libcairo2 libcap2-bin libcdio-cdda2
#10 107.4   libcdio-paranoia2 libcdio19 libchromaprint1 libcodec2-1.0 libcryptsetup12
#10 107.4   libcurl3-gnutls libcurl4 libdatrie1 libdav1d5 libdbus-1-3 libdc1394-25
#10 107.4   libdecor-0-0 libdeflate0 libdevmapper1.02.1 libdrm-amdgpu1 libdrm-common
#10 107.4   libdrm-nouveau2 libdrm-radeon1 libdrm2 libdw1 libedit2 libelf1 libexpat1
#10 107.4   libflac8 libflite1 libfontconfig1 libfreetype6 libfribidi0 libgbm1 libgcc-s1
#10 107.4   libgdk-pixbuf-2.0-0 libgdk-pixbuf2.0-common libgfortran5
#10 107.4   libgirepository-1.0-1 libgl1-mesa-dri libglapi-mesa libglib2.0-0
#10 107.4   libglib2.0-bin libglib2.0-data libglvnd0 libglx-mesa0 libglx0 libgme0
#10 107.4   libgomp1 libgraphite2-3 libgsm1 libgstreamer1.0-0 libharfbuzz0b libice6
#10 107.4   libicu70 libiec61883-0 libip4tc2 libjack-jackd2-0 libjbig0 libjpeg-turbo8
#10 107.4   libjpeg8 libjson-c5 libkmod2 liblapack3 liblilv-0-0 libllvm15 libmd0
#10 107.4   libmp3lame0 libmpdec3 libmpg123-0 libmysofa1 libnghttp2-14 libnorm1 libnuma1
#10 107.4   libogg0 libopenal-data libopenal1 libopenjp2-7 libopenmpt0 libopus0
#10 107.4   libpackagekit-glib2-18 libpam-systemd libpango-1.0-0 libpangocairo-1.0-0
#10 107.4   libpangoft2-1.0-0 libpgm-5.3-0 libpixman-1-0 libpng16-16 libpocketsphinx3
#10 107.4   libpolkit-agent-1-0 libpolkit-gobject-1-0 libpostproc55 libpsl5 libpulse0
#10 107.4   libpython3-stdlib libpython3.10-minimal libpython3.10-stdlib librabbitmq4
#10 107.4   libraw1394-11 librsvg2-2 librtmp1 librubberband2 libsamplerate0
#10 107.4   libsdl2-2.0-0 libsensors-config libsensors5 libserd-0-0 libshine3 libslang2
#10 107.4   libsnappy1v5 libsndfile1 libsndio7.0 libsodium23 libsord-0-0 libsoxr0
#10 107.4   libspeex1 libsphinxbase3 libsratom-0-0 libsrt1.4-gnutls libssh-4
#10 107.4   libssh-gcrypt-4 libstdc++6 libstemmer0d libswresample3 libswscale5
#10 107.4   libsystemd0 libthai-data libthai0 libtheora0 libtiff5 libtwolame0
#10 107.4   libudfread0 libunwind8 libusb-1.0-0 libva-drm2 libva-x11-2 libva2 libvdpau1
#10 107.4   libvidstab1.1 libvorbis0a libvorbisenc2 libvorbisfile3 libvpx7
#10 107.4   libwayland-client0 libwayland-cursor0 libwayland-egl1 libwayland-server0
#10 107.4   libwebp7 libwebpmux3 libx11-6 libx11-data libx11-xcb1 libx264-163
#10 107.4   libx265-199 libxau6 libxcb-dri2-0 libxcb-dri3-0 libxcb-glx0 libxcb-present0
#10 107.4   libxcb-randr0 libxcb-render0 libxcb-shape0 libxcb-shm0 libxcb-sync1
#10 107.4   libxcb-xfixes0 libxcb1 libxcursor1 libxdmcp6 libxfixes3 libxi6 libxinerama1
#10 107.4   libxkbcommon0 libxml2 libxmlb2 libxrandr2 libxrender1 libxshmfence1 libxss1
#10 107.4   libxv1 libxvidcore4 libxxf86vm1 libyaml-0-2 libzimg2 libzmq5 libzvbi-common
#10 107.4   libzvbi0 lsb-release media-types ocl-icd-libopencl1 packagekit pkexec
#10 107.4   policykit-1 polkitd python-apt-common python3 python3-apt python3-blinker
#10 107.4   python3-cffi-backend python3-cryptography python3-dbus python3-distro
#10 107.4   python3-distutils python3-gi python3-httplib2 python3-importlib-metadata
#10 107.4   python3-jeepney python3-jwt python3-keyring python3-launchpadlib
#10 107.4   python3-lazr.restfulclient python3-lazr.uri python3-lib2to3 python3-minimal
#10 107.4   python3-more-itertools python3-oauthlib python3-pkg-resources
#10 107.4   python3-pyparsing python3-secretstorage python3-setuptools python3-six
#10 107.4   python3-software-properties python3-wadllib python3-wheel python3-zipp
#10 107.4   python3.10 python3.10-minimal shared-mime-info systemd systemd-sysv ucf
#10 107.4   x11-common xkb-data
#10 107.4 Suggested packages:
#10 107.4   default-dbus-session-bus | dbus-session-bus ffmpeg-doc isoquery
#10 107.4   libasound2-plugins alsa-utils libcuda1 libnvcuvid1 libnvidia-encode1
#10 107.4   libbluray-bdj gstreamer1.0-tools jackd2 libportaudio2 opus-tools pulseaudio
#10 107.4   libraw1394-doc librsvg2-bin xdg-utils lm-sensors serdi sndiod sordi speex
#10 107.4   opencl-icd appstream python3-doc python3-tk python3-venv python3-apt-dbg
#10 107.4   python-apt-doc python-blinker-doc python-cryptography-doc
#10 107.4   python3-cryptography-vectors python-dbus-doc python3-crypto gir1.2-secret-1
#10 107.4   gnome-keyring libkf5wallet-bin python3-keyrings.alt python3-testresources
#10 107.4   python-pyparsing-doc python-secretstorage-doc python-setuptools-doc
#10 107.4   python3.10-venv python3.10-doc binutils binfmt-support systemd-container
#10 107.4   libfido2-1 libtss2-esys-3.0.2-0 libtss2-mu0 libtss2-rc0
#10 107.4 Recommended packages:
#10 107.4   alsa-ucm-conf alsa-topology-conf libaacs0 libpam-cap
#10 107.4   libdecor-0-plugin-1-cairo | libdecor-0-plugin-1 dmsetup libgdk-pixbuf2.0-bin
#10 107.4   libgl1-amber-dri xdg-user-dirs pocketsphinx-en-us publicsuffix
#10 107.4   librsvg2-common va-driver-all | va-driver vdpau-driver-all | vdpau-driver
#10 107.4   packagekit-tools build-essential python3-dev unattended-upgrades
#10 107.4   networkd-dispatcher systemd-timesyncd | time-daemon libnss-systemd
#10 109.6 The following NEW packages will be installed:
#10 109.6   curl dbus distro-info-data ffmpeg fontconfig fontconfig-config
#10 109.6   fonts-dejavu-core gir1.2-glib-2.0 gir1.2-packagekitglib-1.0 iso-codes
#10 109.6   libaom3 libapparmor1 libappstream4 libargon2-1 libasound2 libasound2-data
#10 109.6   libass9 libasyncns0 libavc1394-0 libavcodec58 libavdevice58 libavfilter7
#10 109.6   libavformat58 libavutil56 libblas3 libbluray2 libbrotli1 libbs2b0 libbsd0
#10 109.6   libcaca0 libcairo-gobject2 libcairo2 libcap2-bin libcdio-cdda2
#10 109.6   libcdio-paranoia2 libcdio19 libchromaprint1 libcodec2-1.0 libcryptsetup12
#10 109.6   libcurl3-gnutls libcurl4 libdatrie1 libdav1d5 libdbus-1-3 libdc1394-25
#10 109.6   libdecor-0-0 libdeflate0 libdevmapper1.02.1 libdrm-amdgpu1 libdrm-common
#10 109.6   libdrm-nouveau2 libdrm-radeon1 libdrm2 libdw1 libedit2 libelf1 libexpat1
#10 109.6   libflac8 libflite1 libfontconfig1 libfreetype6 libfribidi0 libgbm1
#10 109.6   libgdk-pixbuf-2.0-0 libgdk-pixbuf2.0-common libgfortran5
#10 109.6   libgirepository-1.0-1 libgl1 libgl1-mesa-dri libglapi-mesa libglib2.0-0
#10 109.6   libglib2.0-bin libglib2.0-data libglvnd0 libglx-mesa0 libglx0 libgme0
#10 109.6   libgomp1 libgraphite2-3 libgsm1 libgstreamer1.0-0 libharfbuzz0b libice6
#10 109.6   libicu70 libiec61883-0 libip4tc2 libjack-jackd2-0 libjbig0 libjpeg-turbo8
#10 109.6   libjpeg8 libjson-c5 libkmod2 liblapack3 liblilv-0-0 libllvm15 libmd0
#10 109.6   libmp3lame0 libmpdec3 libmpg123-0 libmysofa1 libnghttp2-14 libnorm1 libnuma1
#10 109.6   libogg0 libopenal-data libopenal1 libopenjp2-7 libopenmpt0 libopus0
#10 109.6   libpackagekit-glib2-18 libpam-systemd libpango-1.0-0 libpangocairo-1.0-0
#10 109.6   libpangoft2-1.0-0 libpgm-5.3-0 libpixman-1-0 libpng16-16 libpocketsphinx3
#10 109.6   libpolkit-agent-1-0 libpolkit-gobject-1-0 libpostproc55 libpsl5 libpulse0
#10 109.6   libpython3-stdlib libpython3.10-minimal libpython3.10-stdlib librabbitmq4
#10 109.6   libraw1394-11 librsvg2-2 librtmp1 librubberband2 libsamplerate0
#10 109.6   libsdl2-2.0-0 libsensors-config libsensors5 libserd-0-0 libshine3 libslang2
#10 109.6   libsm6 libsnappy1v5 libsndfile1 libsndio7.0 libsodium23 libsord-0-0 libsoxr0
#10 109.6   libspeex1 libsphinxbase3 libsratom-0-0 libsrt1.4-gnutls libssh-4
#10 109.6   libssh-gcrypt-4 libstemmer0d libswresample3 libswscale5 libthai-data
#10 109.6   libthai0 libtheora0 libtiff5 libtwolame0 libudfread0 libunwind8 libusb-1.0-0
#10 109.6   libva-drm2 libva-x11-2 libva2 libvdpau1 libvidstab1.1 libvorbis0a
#10 109.6   libvorbisenc2 libvorbisfile3 libvpx7 libwayland-client0 libwayland-cursor0
#10 109.6   libwayland-egl1 libwayland-server0 libwebp7 libwebpmux3 libx11-6 libx11-data
#10 109.6   libx11-xcb1 libx264-163 libx265-199 libxau6 libxcb-dri2-0 libxcb-dri3-0
#10 109.6   libxcb-glx0 libxcb-present0 libxcb-randr0 libxcb-render0 libxcb-shape0
#10 109.6   libxcb-shm0 libxcb-sync1 libxcb-xfixes0 libxcb1 libxcursor1 libxdmcp6
#10 109.6   libxext6 libxfixes3 libxi6 libxinerama1 libxkbcommon0 libxml2 libxmlb2
#10 109.6   libxrandr2 libxrender1 libxshmfence1 libxss1 libxv1 libxvidcore4 libxxf86vm1
#10 109.6   libyaml-0-2 libzimg2 libzmq5 libzvbi-common libzvbi0 lsb-release media-types
#10 109.6   ocl-icd-libopencl1 packagekit pkexec policykit-1 polkitd python-apt-common
#10 109.6   python3 python3-apt python3-blinker python3-cffi-backend
#10 109.6   python3-cryptography python3-dbus python3-distro python3-distutils
#10 109.6   python3-gi python3-httplib2 python3-importlib-metadata python3-jeepney
#10 109.6   python3-jwt python3-keyring python3-launchpadlib python3-lazr.restfulclient
#10 109.6   python3-lazr.uri python3-lib2to3 python3-minimal python3-more-itertools
#10 109.6   python3-oauthlib python3-pip python3-pkg-resources python3-pyparsing
#10 109.6   python3-secretstorage python3-setuptools python3-six
#10 109.6   python3-software-properties python3-wadllib python3-wheel python3-zipp
#10 109.6   python3.10 python3.10-minimal shared-mime-info software-properties-common
#10 109.6   sudo systemd systemd-sysv ucf x11-common xkb-data
#10 109.6 The following packages will be upgraded:
#10 109.6   gcc-12-base libgcc-s1 libstdc++6 libsystemd0
#10 110.2 4 upgraded, 264 newly installed, 0 to remove and 9 not upgraded.
#10 110.2 Need to get 129 MB of archives.
#10 110.2 After this operation, 427 MB of additional disk space will be used.
#10 110.2 Get:1 http://ports.ubuntu.com/ubuntu-ports jammy-updates/main arm64 libsystemd0 arm64 249.11-0ubuntu3.17 [313 kB]
#10 113.7 Get:2 http://ports.ubuntu.com/ubuntu-ports jammy-updates/main arm64 libpython3.10-minimal arm64 3.10.12-1~22.04.12 [813 kB]
#10 115.8 Get:3 http://ports.ubuntu.com/ubuntu-ports jammy-updates/main arm64 libexpat1 arm64 2.4.7-1ubuntu0.6 [77.8 kB]
#10 115.8 Get:4 http://ports.ubuntu.com/ubuntu-ports jammy-updates/main arm64 python3.10-minimal arm64 3.10.12-1~22.04.12 [2246 kB]
#10 ...

#9 [vllm_chat base 1/8] FROM docker.io/nvidia/cuda:12.9.1-devel-ubuntu20.04@sha256:006428494316cab0cc7c62784d91d28b8f2163dde80db2de66434cfc1bf6eac0
#9 sha256:55ed784654146928b647b823eb30b13fa77fee75397f535dd44f47e1b06a5324 277.87MB / 2.82GB 119.5s
#9 sha256:28a8250ccb3ce5ce383dfa2aef68181b89655711eb86f5b343c73f51432d8e16 268.44MB / 2.25GB 119.3s
#9 sha256:55ed784654146928b647b823eb30b13fa77fee75397f535dd44f47e1b06a5324 286.26MB / 2.82GB 124.6s
#9 sha256:28a8250ccb3ce5ce383dfa2aef68181b89655711eb86f5b343c73f51432d8e16 275.78MB / 2.25GB 124.4s
#9 sha256:28a8250ccb3ce5ce383dfa2aef68181b89655711eb86f5b343c73f51432d8e16 281.02MB / 2.25GB 130.8s
#9 sha256:55ed784654146928b647b823eb30b13fa77fee75397f535dd44f47e1b06a5324 293.60MB / 2.82GB 131.1s
#9 ...

#10 [vllm_chat vllm-base  4/16] RUN echo 'tzdata tzdata/Areas select America' | debconf-set-selections     && echo 'tzdata tzdata/Zones/America select Los_Angeles' | debconf-set-selections     && apt-get update -y     && apt-get install -y --no-install-recommends         software-properties-common         curl         sudo         python3-pip         ffmpeg         libsm6         libxext6         libgl1     && if [ ! -z ${DEADSNAKES_MIRROR_URL} ] ; then         if [ ! -z "${DEADSNAKES_GPGKEY_URL}" ] ; then             mkdir -p -m 0755 /etc/apt/keyrings ;             curl -L ${DEADSNAKES_GPGKEY_URL} | gpg --dearmor > /etc/apt/keyrings/deadsnakes.gpg ;             sudo chmod 644 /etc/apt/keyrings/deadsnakes.gpg ;             echo "deb [signed-by=/etc/apt/keyrings/deadsnakes.gpg] ${DEADSNAKES_MIRROR_URL} $(lsb_release -cs) main" > /etc/apt/sources.list.d/deadsnakes.list ;         fi ;     else         for i in 1 2 3; do             add-apt-repository -y ppa:deadsnakes/ppa && break ||             { echo "Attempt $i failed, retrying in 5s..."; sleep 5; };         done ;     fi     && apt-get update -y     && apt-get install -y --no-install-recommends         python3.12         python3.12-dev         python3.12-venv         libibverbs-dev     && rm -rf /var/lib/apt/lists/*     && update-alternatives --install /usr/bin/python3 python3 /usr/bin/python3.12 1     && update-alternatives --set python3 /usr/bin/python3.12     && ln -sf /usr/bin/python3.12-config /usr/bin/python3-config     && curl -sS https://bootstrap.pypa.io/get-pip.py | python3.12     && python3 --version && python3 -m pip --version
#10 119.5 Get:5 http://ports.ubuntu.com/ubuntu-ports jammy-updates/main arm64 python3-minimal arm64 3.10.6-1~22.04.1 [24.3 kB]
#10 119.6 Get:6 http://ports.ubuntu.com/ubuntu-ports jammy/main arm64 media-types all 7.0.0 [25.5 kB]
#10 119.6 Get:7 http://ports.ubuntu.com/ubuntu-ports jammy-updates/main arm64 gcc-12-base arm64 12.3.0-1ubuntu1~22.04.2 [20.6 kB]
#10 119.6 Get:8 http://ports.ubuntu.com/ubuntu-ports jammy-updates/main arm64 libgcc-s1 arm64 12.3.0-1ubuntu1~22.04.2 [39.7 kB]
#10 119.6 Get:9 http://ports.ubuntu.com/ubuntu-ports jammy-updates/main arm64 libstdc++6 arm64 12.3.0-1ubuntu1~22.04.2 [661 kB]
#10 120.6 Get:10 http://ports.ubuntu.com/ubuntu-ports jammy/main arm64 libmpdec3 arm64 2.5.1-2build2 [89.0 kB]
#10 120.9 Get:11 http://ports.ubuntu.com/ubuntu-ports jammy-updates/main arm64 libpython3.10-stdlib arm64 3.10.12-1~22.04.12 [1846 kB]
#10 123.0 Get:12 http://ports.ubuntu.com/ubuntu-ports jammy-updates/main arm64 python3.10 arm64 3.10.12-1~22.04.12 [508 kB]
#10 123.9 Get:13 http://ports.ubuntu.com/ubuntu-ports jammy-updates/main arm64 libpython3-stdlib arm64 3.10.6-1~22.04.1 [6812 B]
#10 123.9 Get:14 http://ports.ubuntu.com/ubuntu-ports jammy-updates/main arm64 python3 arm64 3.10.6-1~22.04.1 [22.8 kB]
#10 123.9 Get:15 http://ports.ubuntu.com/ubuntu-ports jammy-updates/main arm64 libapparmor1 arm64 3.0.4-2ubuntu2.4 [39.4 kB]
#10 123.9 Get:16 http://ports.ubuntu.com/ubuntu-ports jammy/main arm64 libargon2-1 arm64 0~20171227-0.3 [18.6 kB]
#10 123.9 Get:17 http://ports.ubuntu.com/ubuntu-ports jammy-updates/main arm64 libdevmapper1.02.1 arm64 2:1.02.175-2.1ubuntu5 [129 kB]
#10 124.0 Get:18 http://ports.ubuntu.com/ubuntu-ports jammy-updates/main arm64 libjson-c5 arm64 0.15-3~ubuntu1.22.04.2 [32.7 kB]
#10 124.0 Get:19 http://ports.ubuntu.com/ubuntu-ports jammy-updates/main arm64 libcryptsetup12 arm64 2:2.4.3-1ubuntu1.3 [208 kB]
#10 124.4 Get:20 http://ports.ubuntu.com/ubuntu-ports jammy-updates/main arm64 libip4tc2 arm64 1.8.7-1ubuntu5.2 [19.9 kB]
#10 124.4 Get:21 http://ports.ubuntu.com/ubuntu-ports jammy/main arm64 libkmod2 arm64 29-1ubuntu1 [46.4 kB]
#10 124.4 Get:22 http://ports.ubuntu.com/ubuntu-ports jammy-updates/main arm64 systemd arm64 249.11-0ubuntu3.17 [4416 kB]
#10 ...

#9 [vllm_chat base 1/8] FROM docker.io/nvidia/cuda:12.9.1-devel-ubuntu20.04@sha256:006428494316cab0cc7c62784d91d28b8f2163dde80db2de66434cfc1bf6eac0
#9 sha256:28a8250ccb3ce5ce383dfa2aef68181b89655711eb86f5b343c73f51432d8e16 287.31MB / 2.25GB 135.9s
#9 sha256:55ed784654146928b647b823eb30b13fa77fee75397f535dd44f47e1b06a5324 300.94MB / 2.82GB 136.2s
#9 sha256:28a8250ccb3ce5ce383dfa2aef68181b89655711eb86f5b343c73f51432d8e16 293.60MB / 2.25GB 141.0s
#9 sha256:55ed784654146928b647b823eb30b13fa77fee75397f535dd44f47e1b06a5324 309.33MB / 2.82GB 141.3s
#9 ...

#10 [vllm_chat vllm-base  4/16] RUN echo 'tzdata tzdata/Areas select America' | debconf-set-selections     && echo 'tzdata tzdata/Zones/America select Los_Angeles' | debconf-set-selections     && apt-get update -y     && apt-get install -y --no-install-recommends         software-properties-common         curl         sudo         python3-pip         ffmpeg         libsm6         libxext6         libgl1     && if [ ! -z ${DEADSNAKES_MIRROR_URL} ] ; then         if [ ! -z "${DEADSNAKES_GPGKEY_URL}" ] ; then             mkdir -p -m 0755 /etc/apt/keyrings ;             curl -L ${DEADSNAKES_GPGKEY_URL} | gpg --dearmor > /etc/apt/keyrings/deadsnakes.gpg ;             sudo chmod 644 /etc/apt/keyrings/deadsnakes.gpg ;             echo "deb [signed-by=/etc/apt/keyrings/deadsnakes.gpg] ${DEADSNAKES_MIRROR_URL} $(lsb_release -cs) main" > /etc/apt/sources.list.d/deadsnakes.list ;         fi ;     else         for i in 1 2 3; do             add-apt-repository -y ppa:deadsnakes/ppa && break ||             { echo "Attempt $i failed, retrying in 5s..."; sleep 5; };         done ;     fi     && apt-get update -y     && apt-get install -y --no-install-recommends         python3.12         python3.12-dev         python3.12-venv         libibverbs-dev     && rm -rf /var/lib/apt/lists/*     && update-alternatives --install /usr/bin/python3 python3 /usr/bin/python3.12 1     && update-alternatives --set python3 /usr/bin/python3.12     && ln -sf /usr/bin/python3.12-config /usr/bin/python3-config     && curl -sS https://bootstrap.pypa.io/get-pip.py | python3.12     && python3 --version && python3 -m pip --version
#10 133.1 Get:23 http://ports.ubuntu.com/ubuntu-ports jammy-updates/main arm64 systemd-sysv arm64 249.11-0ubuntu3.17 [10.5 kB]
#10 133.1 Get:24 http://ports.ubuntu.com/ubuntu-ports jammy-updates/main arm64 libdbus-1-3 arm64 1.12.20-2ubuntu4.1 [187 kB]
#10 133.1 Get:25 http://ports.ubuntu.com/ubuntu-ports jammy-updates/main arm64 dbus arm64 1.12.20-2ubuntu4.1 [154 kB]
#10 133.2 Get:26 http://ports.ubuntu.com/ubuntu-ports jammy-updates/main arm64 distro-info-data all 0.52ubuntu0.11 [5444 B]
#10 133.2 Get:27 http://ports.ubuntu.com/ubuntu-ports jammy-updates/main arm64 libglib2.0-0 arm64 2.72.4-0ubuntu2.6 [1435 kB]
#10 134.8 Get:28 http://ports.ubuntu.com/ubuntu-ports jammy/main arm64 libgirepository-1.0-1 arm64 1.72.0-1 [53.5 kB]
#10 134.8 Get:29 http://ports.ubuntu.com/ubuntu-ports jammy/main arm64 gir1.2-glib-2.0 arm64 1.72.0-1 [165 kB]
#10 134.9 Get:30 http://ports.ubuntu.com/ubuntu-ports jammy/main arm64 iso-codes all 4.9.0-1 [3459 kB]
#10 138.5 Get:31 http://ports.ubuntu.com/ubuntu-ports jammy/main arm64 libmd0 arm64 1.0.4-1build1 [23.8 kB]
#10 138.6 Get:32 http://ports.ubuntu.com/ubuntu-ports jammy/main arm64 libbsd0 arm64 0.11.5-1 [43.7 kB]
#10 138.6 Get:33 http://ports.ubuntu.com/ubuntu-ports jammy-updates/main arm64 libcap2-bin arm64 1:2.44-1ubuntu0.22.04.2 [25.5 kB]
#10 138.8 Get:34 http://ports.ubuntu.com/ubuntu-ports jammy-updates/main arm64 libelf1 arm64 0.186-1ubuntu0.1 [50.8 kB]
#10 138.8 Get:35 http://ports.ubuntu.com/ubuntu-ports jammy-updates/main arm64 libfribidi0 arm64 1.0.8-2ubuntu3.1 [26.4 kB]
#10 139.0 Get:36 http://ports.ubuntu.com/ubuntu-ports jammy-updates/main arm64 libglib2.0-data all 2.72.4-0ubuntu2.6 [4698 B]
#10 139.0 Get:37 http://ports.ubuntu.com/ubuntu-ports jammy/main arm64 libicu70 arm64 70.1-2 [10.5 MB]
#10 ...

#9 [vllm_chat base 1/8] FROM docker.io/nvidia/cuda:12.9.1-devel-ubuntu20.04@sha256:006428494316cab0cc7c62784d91d28b8f2163dde80db2de66434cfc1bf6eac0
#9 sha256:28a8250ccb3ce5ce383dfa2aef68181b89655711eb86f5b343c73f51432d8e16 300.94MB / 2.25GB 147.2s
#9 sha256:55ed784654146928b647b823eb30b13fa77fee75397f535dd44f47e1b06a5324 315.62MB / 2.82GB 147.5s
#9 sha256:28a8250ccb3ce5ce383dfa2aef68181b89655711eb86f5b343c73f51432d8e16 306.18MB / 2.25GB 152.3s
#9 sha256:55ed784654146928b647b823eb30b13fa77fee75397f535dd44f47e1b06a5324 321.91MB / 2.82GB 152.6s
#9 sha256:28a8250ccb3ce5ce383dfa2aef68181b89655711eb86f5b343c73f51432d8e16 311.43MB / 2.25GB 157.4s
#9 sha256:55ed784654146928b647b823eb30b13fa77fee75397f535dd44f47e1b06a5324 328.20MB / 2.82GB 157.7s
#9 ...

#10 [vllm_chat vllm-base  4/16] RUN echo 'tzdata tzdata/Areas select America' | debconf-set-selections     && echo 'tzdata tzdata/Zones/America select Los_Angeles' | debconf-set-selections     && apt-get update -y     && apt-get install -y --no-install-recommends         software-properties-common         curl         sudo         python3-pip         ffmpeg         libsm6         libxext6         libgl1     && if [ ! -z ${DEADSNAKES_MIRROR_URL} ] ; then         if [ ! -z "${DEADSNAKES_GPGKEY_URL}" ] ; then             mkdir -p -m 0755 /etc/apt/keyrings ;             curl -L ${DEADSNAKES_GPGKEY_URL} | gpg --dearmor > /etc/apt/keyrings/deadsnakes.gpg ;             sudo chmod 644 /etc/apt/keyrings/deadsnakes.gpg ;             echo "deb [signed-by=/etc/apt/keyrings/deadsnakes.gpg] ${DEADSNAKES_MIRROR_URL} $(lsb_release -cs) main" > /etc/apt/sources.list.d/deadsnakes.list ;         fi ;     else         for i in 1 2 3; do             add-apt-repository -y ppa:deadsnakes/ppa && break ||             { echo "Attempt $i failed, retrying in 5s..."; sleep 5; };         done ;     fi     && apt-get update -y     && apt-get install -y --no-install-recommends         python3.12         python3.12-dev         python3.12-venv         libibverbs-dev     && rm -rf /var/lib/apt/lists/*     && update-alternatives --install /usr/bin/python3 python3 /usr/bin/python3.12 1     && update-alternatives --set python3 /usr/bin/python3.12     && ln -sf /usr/bin/python3.12-config /usr/bin/python3-config     && curl -sS https://bootstrap.pypa.io/get-pip.py | python3.12     && python3 --version && python3 -m pip --version
#10 148.7 Get:38 http://ports.ubuntu.com/ubuntu-ports jammy-updates/main arm64 libpam-systemd arm64 249.11-0ubuntu3.17 [205 kB]
#10 148.8 Get:39 http://ports.ubuntu.com/ubuntu-ports jammy/main arm64 libslang2 arm64 2.3.2-5build4 [442 kB]
#10 149.0 Get:40 http://ports.ubuntu.com/ubuntu-ports jammy-updates/main arm64 libxml2 arm64 2.9.13+dfsg-1ubuntu0.10 [728 kB]
#10 149.8 Get:41 http://ports.ubuntu.com/ubuntu-ports jammy/main arm64 libyaml-0-2 arm64 0.2.2-1build2 [51.0 kB]
#10 149.8 Get:42 http://ports.ubuntu.com/ubuntu-ports jammy/main arm64 lsb-release all 11.1.0ubuntu4 [10.8 kB]
#10 149.8 Get:43 http://ports.ubuntu.com/ubuntu-ports jammy-updates/main arm64 python-apt-common all 2.4.0ubuntu4 [14.6 kB]
#10 149.8 Get:44 http://ports.ubuntu.com/ubuntu-ports jammy-updates/main arm64 python3-apt arm64 2.4.0ubuntu4 [161 kB]
#10 149.9 Get:45 http://ports.ubuntu.com/ubuntu-ports jammy/main arm64 python3-dbus arm64 1.2.18-3build1 [98.5 kB]
#10 150.0 Get:46 http://ports.ubuntu.com/ubuntu-ports jammy-updates/main arm64 python3-gi arm64 3.42.1-0ubuntu1 [228 kB]
#10 150.2 Get:47 http://ports.ubuntu.com/ubuntu-ports jammy-updates/main arm64 python3-pkg-resources all 59.6.0-1.2ubuntu0.22.04.3 [133 kB]
#10 150.5 Get:48 http://ports.ubuntu.com/ubuntu-ports jammy/main arm64 shared-mime-info arm64 2.1-2 [453 kB]
#10 150.7 Get:49 http://ports.ubuntu.com/ubuntu-ports jammy-updates/main arm64 sudo arm64 1.9.9-1ubuntu2.5 [807 kB]
#10 151.2 Get:50 http://ports.ubuntu.com/ubuntu-ports jammy/main arm64 ucf all 3.0043 [56.1 kB]
#10 151.3 Get:51 http://ports.ubuntu.com/ubuntu-ports jammy/main arm64 xkb-data all 2.33-1 [394 kB]
#10 151.6 Get:52 http://ports.ubuntu.com/ubuntu-ports jammy-updates/main arm64 libdrm-common all 2.4.113-2~ubuntu0.22.04.1 [5450 B]
#10 151.6 Get:53 http://ports.ubuntu.com/ubuntu-ports jammy-updates/main arm64 libdrm2 arm64 2.4.113-2~ubuntu0.22.04.1 [39.1 kB]
#10 151.9 Get:54 http://ports.ubuntu.com/ubuntu-ports jammy/main arm64 libedit2 arm64 3.1-20210910-1build1 [96.0 kB]
#10 151.9 Get:55 http://ports.ubuntu.com/ubuntu-ports jammy-updates/main arm64 libnghttp2-14 arm64 1.43.0-1ubuntu0.2 [76.0 kB]
#10 151.9 Get:56 http://ports.ubuntu.com/ubuntu-ports jammy/main arm64 libnuma1 arm64 2.0.14-3ubuntu2 [22.4 kB]
#10 152.0 Get:57 http://ports.ubuntu.com/ubuntu-ports jammy/main arm64 libpng16-16 arm64 1.6.37-3build5 [189 kB]
#10 152.0 Get:58 http://ports.ubuntu.com/ubuntu-ports jammy/main arm64 libpsl5 arm64 0.21.0-1.2build2 [58.3 kB]
#10 152.0 Get:59 http://ports.ubuntu.com/ubuntu-ports jammy-updates/main arm64 libusb-1.0-0 arm64 2:1.0.25-1ubuntu2 [52.1 kB]
#10 152.0 Get:60 http://ports.ubuntu.com/ubuntu-ports jammy/main arm64 libxau6 arm64 1:1.0.9-1build5 [7624 B]
#10 152.0 Get:61 http://ports.ubuntu.com/ubuntu-ports jammy/main arm64 libxdmcp6 arm64 1:1.1.3-0ubuntu5 [10.8 kB]
#10 152.0 Get:62 http://ports.ubuntu.com/ubuntu-ports jammy/main arm64 libxcb1 arm64 1.14-3ubuntu3 [49.0 kB]
#10 152.1 Get:63 http://ports.ubuntu.com/ubuntu-ports jammy-updates/main arm64 libx11-data all 2:1.7.5-1ubuntu0.3 [120 kB]
#10 152.1 Get:64 http://ports.ubuntu.com/ubuntu-ports jammy-updates/main arm64 libx11-6 arm64 2:1.7.5-1ubuntu0.3 [661 kB]
#10 152.8 Get:65 http://ports.ubuntu.com/ubuntu-ports jammy/main arm64 libxext6 arm64 2:1.3.4-1build1 [31.1 kB]
#10 152.9 Get:66 http://ports.ubuntu.com/ubuntu-ports jammy/main arm64 libbrotli1 arm64 1.0.9-2build6 [314 kB]
#10 153.1 Get:67 http://ports.ubuntu.com/ubuntu-ports jammy/main arm64 librtmp1 arm64 2.4+20151223.gitfa8646d.1-2build4 [59.2 kB]
#10 153.2 Get:68 http://ports.ubuntu.com/ubuntu-ports jammy-updates/main arm64 libssh-4 arm64 0.9.6-2ubuntu0.22.04.5 [185 kB]
#10 153.5 Get:69 http://ports.ubuntu.com/ubuntu-ports jammy-updates/main arm64 libcurl4 arm64 7.81.0-1ubuntu1.21 [284 kB]
#10 153.7 Get:70 http://ports.ubuntu.com/ubuntu-ports jammy-updates/main arm64 curl arm64 7.81.0-1ubuntu1.21 [190 kB]
#10 153.7 Get:71 http://ports.ubuntu.com/ubuntu-ports jammy-updates/universe arm64 libaom3 arm64 3.3.0-1ubuntu0.1 [1415 kB]
#10 154.6 Get:72 http://ports.ubuntu.com/ubuntu-ports jammy/universe arm64 libva2 arm64 2.14.0-1 [63.5 kB]
#10 154.6 Get:73 http://ports.ubuntu.com/ubuntu-ports jammy/universe arm64 libva-drm2 arm64 2.14.0-1 [7266 B]
#10 154.6 Get:74 http://ports.ubuntu.com/ubuntu-ports jammy/main arm64 libxfixes3 arm64 1:6.0.0-1 [11.4 kB]
#10 154.6 Get:75 http://ports.ubuntu.com/ubuntu-ports jammy/universe arm64 libva-x11-2 arm64 2.14.0-1 [12.0 kB]
#10 154.6 Get:76 http://ports.ubuntu.com/ubuntu-ports jammy/main arm64 libvdpau1 arm64 1.4-3build2 [25.0 kB]
#10 154.7 Get:77 http://ports.ubuntu.com/ubuntu-ports jammy/universe arm64 ocl-icd-libopencl1 arm64 2.2.14-3 [38.8 kB]
#10 154.7 Get:78 http://ports.ubuntu.com/ubuntu-ports jammy-updates/universe arm64 libavutil56 arm64 7:4.4.2-0ubuntu0.22.04.1 [294 kB]
#10 154.7 Get:79 http://ports.ubuntu.com/ubuntu-ports jammy-updates/main arm64 libfreetype6 arm64 2.11.1+dfsg-1ubuntu0.3 [382 kB]
#10 155.2 Get:80 http://ports.ubuntu.com/ubuntu-ports jammy/main arm64 fonts-dejavu-core all 2.37-2build1 [1041 kB]
#10 155.8 Get:81 http://ports.ubuntu.com/ubuntu-ports jammy/main arm64 fontconfig-config all 2.13.1-4.2ubuntu5 [29.1 kB]
#10 155.8 Get:82 http://ports.ubuntu.com/ubuntu-ports jammy/main arm64 libfontconfig1 arm64 2.13.1-4.2ubuntu5 [135 kB]
#10 155.8 Get:83 http://ports.ubuntu.com/ubuntu-ports jammy-updates/main arm64 libpixman-1-0 arm64 0.40.0-1ubuntu0.22.04.1 [160 kB]
#10 156.0 Get:84 http://ports.ubuntu.com/ubuntu-ports jammy/main arm64 libxcb-render0 arm64 1.14-3ubuntu3 [16.2 kB]
#10 156.0 Get:85 http://ports.ubuntu.com/ubuntu-ports jammy/main arm64 libxcb-shm0 arm64 1.14-3ubuntu3 [5848 B]
#10 156.0 Get:86 http://ports.ubuntu.com/ubuntu-ports jammy/main arm64 libxrender1 arm64 1:0.9.10-1build4 [18.8 kB]
#10 156.1 Get:87 http://ports.ubuntu.com/ubuntu-ports jammy/main arm64 libcairo2 arm64 1.16.0-5ubuntu2 [613 kB]
#10 156.1 Get:88 http://ports.ubuntu.com/ubuntu-ports jammy/universe arm64 libcodec2-1.0 arm64 1.0.1-3 [8434 kB]
#10 ...

#9 [vllm_chat base 1/8] FROM docker.io/nvidia/cuda:12.9.1-devel-ubuntu20.04@sha256:006428494316cab0cc7c62784d91d28b8f2163dde80db2de66434cfc1bf6eac0
#9 sha256:28a8250ccb3ce5ce383dfa2aef68181b89655711eb86f5b343c73f51432d8e16 315.62MB / 2.25GB 162.5s
#9 sha256:55ed784654146928b647b823eb30b13fa77fee75397f535dd44f47e1b06a5324 337.64MB / 2.82GB 162.8s
#9 sha256:28a8250ccb3ce5ce383dfa2aef68181b89655711eb86f5b343c73f51432d8e16 322.96MB / 2.25GB 167.6s
#9 sha256:55ed784654146928b647b823eb30b13fa77fee75397f535dd44f47e1b06a5324 347.08MB / 2.82GB 167.9s
#9 ...

#10 [vllm_chat vllm-base  4/16] RUN echo 'tzdata tzdata/Areas select America' | debconf-set-selections     && echo 'tzdata tzdata/Zones/America select Los_Angeles' | debconf-set-selections     && apt-get update -y     && apt-get install -y --no-install-recommends         software-properties-common         curl         sudo         python3-pip         ffmpeg         libsm6         libxext6         libgl1     && if [ ! -z ${DEADSNAKES_MIRROR_URL} ] ; then         if [ ! -z "${DEADSNAKES_GPGKEY_URL}" ] ; then             mkdir -p -m 0755 /etc/apt/keyrings ;             curl -L ${DEADSNAKES_GPGKEY_URL} | gpg --dearmor > /etc/apt/keyrings/deadsnakes.gpg ;             sudo chmod 644 /etc/apt/keyrings/deadsnakes.gpg ;             echo "deb [signed-by=/etc/apt/keyrings/deadsnakes.gpg] ${DEADSNAKES_MIRROR_URL} $(lsb_release -cs) main" > /etc/apt/sources.list.d/deadsnakes.list ;         fi ;     else         for i in 1 2 3; do             add-apt-repository -y ppa:deadsnakes/ppa && break ||             { echo "Attempt $i failed, retrying in 5s..."; sleep 5; };         done ;     fi     && apt-get update -y     && apt-get install -y --no-install-recommends         python3.12         python3.12-dev         python3.12-venv         libibverbs-dev     && rm -rf /var/lib/apt/lists/*     && update-alternatives --install /usr/bin/python3 python3 /usr/bin/python3.12 1     && update-alternatives --set python3 /usr/bin/python3.12     && ln -sf /usr/bin/python3.12-config /usr/bin/python3-config     && curl -sS https://bootstrap.pypa.io/get-pip.py | python3.12     && python3 --version && python3 -m pip --version
#10 161.9 Get:89 http://ports.ubuntu.com/ubuntu-ports jammy/universe arm64 libdav1d5 arm64 0.9.2-1 [313 kB]
#10 162.1 Get:90 http://ports.ubuntu.com/ubuntu-ports jammy/universe arm64 libgsm1 arm64 1.0.19-1 [26.7 kB]
#10 162.1 Get:91 http://ports.ubuntu.com/ubuntu-ports jammy/main arm64 libmp3lame0 arm64 3.100-3build2 [142 kB]
#10 162.5 Get:92 http://ports.ubuntu.com/ubuntu-ports jammy-updates/main arm64 libopenjp2-7 arm64 2.4.0-6ubuntu0.4 [155 kB]
#10 162.5 Get:93 http://ports.ubuntu.com/ubuntu-ports jammy/main arm64 libopus0 arm64 1.3.1-0.1build2 [195 kB]
#10 162.6 Get:94 http://ports.ubuntu.com/ubuntu-ports jammy/main arm64 libcairo-gobject2 arm64 1.16.0-5ubuntu2 [19.4 kB]
#10 162.6 Get:95 http://ports.ubuntu.com/ubuntu-ports jammy-updates/main arm64 libgdk-pixbuf2.0-common all 2.42.8+dfsg-1ubuntu0.4 [5546 B]
#10 162.6 Get:96 http://ports.ubuntu.com/ubuntu-ports jammy/main arm64 libjpeg-turbo8 arm64 2.1.2-0ubuntu1 [129 kB]
#10 162.8 Get:97 http://ports.ubuntu.com/ubuntu-ports jammy/main arm64 libjpeg8 arm64 8c-2ubuntu10 [2264 B]
#10 162.8 Get:98 http://ports.ubuntu.com/ubuntu-ports jammy/main arm64 libdeflate0 arm64 1.10-2 [69.1 kB]
#10 162.8 Get:99 http://ports.ubuntu.com/ubuntu-ports jammy-updates/main arm64 libjbig0 arm64 2.1-3.1ubuntu0.22.04.1 [29.1 kB]
#10 162.8 Get:100 http://ports.ubuntu.com/ubuntu-ports jammy-updates/main arm64 libwebp7 arm64 1.2.2-2ubuntu0.22.04.2 [193 kB]
#10 162.9 Get:101 http://ports.ubuntu.com/ubuntu-ports jammy-updates/main arm64 libtiff5 arm64 4.3.0-6ubuntu0.12 [181 kB]
#10 163.1 Get:102 http://ports.ubuntu.com/ubuntu-ports jammy-updates/main arm64 libgdk-pixbuf-2.0-0 arm64 2.42.8+dfsg-1ubuntu0.4 [143 kB]
#10 164.1 Get:103 http://ports.ubuntu.com/ubuntu-ports jammy/main arm64 fontconfig arm64 2.13.1-4.2ubuntu5 [183 kB]
#10 164.8 Get:104 http://ports.ubuntu.com/ubuntu-ports jammy/main arm64 libgraphite2-3 arm64 1.3.14-1build2 [68.9 kB]
#10 165.0 Get:105 http://ports.ubuntu.com/ubuntu-ports jammy-updates/main arm64 libharfbuzz0b arm64 2.7.4-1ubuntu3.2 [353 kB]
#10 165.8 Get:106 http://ports.ubuntu.com/ubuntu-ports jammy/main arm64 libthai-data all 0.1.29-1build1 [162 kB]
#10 165.9 Get:107 http://ports.ubuntu.com/ubuntu-ports jammy/main arm64 libdatrie1 arm64 0.2.13-2 [19.8 kB]
#10 165.9 Get:108 http://ports.ubuntu.com/ubuntu-ports jammy/main arm64 libthai0 arm64 0.1.29-1build1 [18.4 kB]
#10 165.9 Get:109 http://ports.ubuntu.com/ubuntu-ports jammy-updates/main arm64 libpango-1.0-0 arm64 1.50.6+ds-2ubuntu1 [225 kB]
#10 166.1 Get:110 http://ports.ubuntu.com/ubuntu-ports jammy-updates/main arm64 libpangoft2-1.0-0 arm64 1.50.6+ds-2ubuntu1 [52.0 kB]
#10 166.2 Get:111 http://ports.ubuntu.com/ubuntu-ports jammy-updates/main arm64 libpangocairo-1.0-0 arm64 1.50.6+ds-2ubuntu1 [37.8 kB]
#10 166.2 Get:112 http://ports.ubuntu.com/ubuntu-ports jammy-updates/main arm64 librsvg2-2 arm64 2.52.5+dfsg-3ubuntu0.2 [2765 kB]
#10 170.2 Get:113 http://ports.ubuntu.com/ubuntu-ports jammy/universe arm64 libshine3 arm64 3.1.1-2 [22.5 kB]
#10 170.2 Get:114 http://ports.ubuntu.com/ubuntu-ports jammy/main arm64 libsnappy1v5 arm64 1.1.8-1build3 [17.2 kB]
#10 170.2 Get:115 http://ports.ubuntu.com/ubuntu-ports jammy/main arm64 libspeex1 arm64 1.2~rc1.2-1.1ubuntu3 [52.6 kB]
#10 170.3 Get:116 http://ports.ubuntu.com/ubuntu-ports jammy-updates/main arm64 libgomp1 arm64 12.3.0-1ubuntu1~22.04.2 [124 kB]
#10 170.4 Get:117 http://ports.ubuntu.com/ubuntu-ports jammy/main arm64 libsoxr0 arm64 0.1.3-4build2 [57.2 kB]
#10 170.4 Get:118 http://ports.ubuntu.com/ubuntu-ports jammy-updates/universe arm64 libswresample3 arm64 7:4.4.2-0ubuntu0.22.04.1 [56.2 kB]
#10 170.4 Get:119 http://ports.ubuntu.com/ubuntu-ports jammy/main arm64 libogg0 arm64 1.3.5-0ubuntu3 [22.4 kB]
#10 170.6 Get:120 http://ports.ubuntu.com/ubuntu-ports jammy/main arm64 libtheora0 arm64 1.1.1+dfsg.1-15ubuntu4 [223 kB]
#10 170.8 Get:121 http://ports.ubuntu.com/ubuntu-ports jammy/main arm64 libtwolame0 arm64 0.4.0-2build2 [51.7 kB]
#10 171.0 Get:122 http://ports.ubuntu.com/ubuntu-ports jammy/main arm64 libvorbis0a arm64 1.3.7-1build2 [95.5 kB]
#10 171.1 Get:123 http://ports.ubuntu.com/ubuntu-ports jammy/main arm64 libvorbisenc2 arm64 1.3.7-1build2 [82.3 kB]
#10 171.3 Get:124 http://ports.ubuntu.com/ubuntu-ports jammy-updates/main arm64 libvpx7 arm64 1.11.0-2ubuntu2.4 [1042 kB]
#10 ...

#9 [vllm_chat base 1/8] FROM docker.io/nvidia/cuda:12.9.1-devel-ubuntu20.04@sha256:006428494316cab0cc7c62784d91d28b8f2163dde80db2de66434cfc1bf6eac0
#9 sha256:28a8250ccb3ce5ce383dfa2aef68181b89655711eb86f5b343c73f51432d8e16 331.35MB / 2.25GB 172.7s
#9 sha256:55ed784654146928b647b823eb30b13fa77fee75397f535dd44f47e1b06a5324 354.42MB / 2.82GB 173.0s
#9 sha256:28a8250ccb3ce5ce383dfa2aef68181b89655711eb86f5b343c73f51432d8e16 337.64MB / 2.25GB 178.1s
#9 sha256:55ed784654146928b647b823eb30b13fa77fee75397f535dd44f47e1b06a5324 361.76MB / 2.82GB 180.0s
#9 sha256:28a8250ccb3ce5ce383dfa2aef68181b89655711eb86f5b343c73f51432d8e16 343.93MB / 2.25GB 183.2s
#9 sha256:55ed784654146928b647b823eb30b13fa77fee75397f535dd44f47e1b06a5324 368.05MB / 2.82GB 185.1s
#9 ...

#10 [vllm_chat vllm-base  4/16] RUN echo 'tzdata tzdata/Areas select America' | debconf-set-selections     && echo 'tzdata tzdata/Zones/America select Los_Angeles' | debconf-set-selections     && apt-get update -y     && apt-get install -y --no-install-recommends         software-properties-common         curl         sudo         python3-pip         ffmpeg         libsm6         libxext6         libgl1     && if [ ! -z ${DEADSNAKES_MIRROR_URL} ] ; then         if [ ! -z "${DEADSNAKES_GPGKEY_URL}" ] ; then             mkdir -p -m 0755 /etc/apt/keyrings ;             curl -L ${DEADSNAKES_GPGKEY_URL} | gpg --dearmor > /etc/apt/keyrings/deadsnakes.gpg ;             sudo chmod 644 /etc/apt/keyrings/deadsnakes.gpg ;             echo "deb [signed-by=/etc/apt/keyrings/deadsnakes.gpg] ${DEADSNAKES_MIRROR_URL} $(lsb_release -cs) main" > /etc/apt/sources.list.d/deadsnakes.list ;         fi ;     else         for i in 1 2 3; do             add-apt-repository -y ppa:deadsnakes/ppa && break ||             { echo "Attempt $i failed, retrying in 5s..."; sleep 5; };         done ;     fi     && apt-get update -y     && apt-get install -y --no-install-recommends         python3.12         python3.12-dev         python3.12-venv         libibverbs-dev     && rm -rf /var/lib/apt/lists/*     && update-alternatives --install /usr/bin/python3 python3 /usr/bin/python3.12 1     && update-alternatives --set python3 /usr/bin/python3.12     && ln -sf /usr/bin/python3.12-config /usr/bin/python3-config     && curl -sS https://bootstrap.pypa.io/get-pip.py | python3.12     && python3 --version && python3 -m pip --version
#10 173.1 Get:125 http://ports.ubuntu.com/ubuntu-ports jammy-updates/main arm64 libwebpmux3 arm64 1.2.2-2ubuntu0.22.04.2 [20.9 kB]
#10 173.1 Get:126 http://ports.ubuntu.com/ubuntu-ports jammy/universe arm64 libx264-163 arm64 2:0.163.3060+git5db6aa6-2build1 [530 kB]
#10 173.9 Get:127 http://ports.ubuntu.com/ubuntu-ports jammy/universe arm64 libx265-199 arm64 3.5-2 [699 kB]
#10 174.7 Get:128 http://ports.ubuntu.com/ubuntu-ports jammy/universe arm64 libxvidcore4 arm64 2:1.3.7-1 [161 kB]
#10 175.0 Get:129 http://ports.ubuntu.com/ubuntu-ports jammy/universe arm64 libzvbi-common all 0.2.35-19 [35.5 kB]
#10 175.0 Get:130 http://ports.ubuntu.com/ubuntu-ports jammy/universe arm64 libzvbi0 arm64 0.2.35-19 [261 kB]
#10 175.2 Get:131 http://ports.ubuntu.com/ubuntu-ports jammy-updates/universe arm64 libavcodec58 arm64 7:4.4.2-0ubuntu0.22.04.1 [5424 kB]
#10 184.9 Get:132 http://ports.ubuntu.com/ubuntu-ports jammy/main arm64 libasound2-data all 1.2.6.1-1ubuntu1 [19.1 kB]
#10 184.9 Get:133 http://ports.ubuntu.com/ubuntu-ports jammy/main arm64 libasound2 arm64 1.2.6.1-1ubuntu1 [378 kB]
#10 185.4 Get:134 http://ports.ubuntu.com/ubuntu-ports jammy/main arm64 libraw1394-11 arm64 2.1.2-2build2 [27.2 kB]
#10 185.4 Get:135 http://ports.ubuntu.com/ubuntu-ports jammy/main arm64 libavc1394-0 arm64 0.5.4-5build2 [16.6 kB]
#10 185.4 Get:136 http://ports.ubuntu.com/ubuntu-ports jammy/universe arm64 libass9 arm64 1:0.15.2-1 [87.8 kB]
#10 185.6 Get:137 http://ports.ubuntu.com/ubuntu-ports jammy/universe arm64 libudfread0 arm64 1.1.2-1 [15.4 kB]
#10 185.6 Get:138 http://ports.ubuntu.com/ubuntu-ports jammy/universe arm64 libbluray2 arm64 1:1.3.1-1 [148 kB]
#10 185.8 Get:139 http://ports.ubuntu.com/ubuntu-ports jammy/universe arm64 libchromaprint1 arm64 1.5.1-2 [27.3 kB]
#10 185.8 Get:140 http://ports.ubuntu.com/ubuntu-ports jammy/universe arm64 libgme0 arm64 0.6.3-2 [118 kB]
#10 185.8 Get:141 http://ports.ubuntu.com/ubuntu-ports jammy-updates/main arm64 libmpg123-0 arm64 1.29.3-1ubuntu0.1 [170 kB]
#10 ...

#9 [vllm_chat base 1/8] FROM docker.io/nvidia/cuda:12.9.1-devel-ubuntu20.04@sha256:006428494316cab0cc7c62784d91d28b8f2163dde80db2de66434cfc1bf6eac0
#9 sha256:28a8250ccb3ce5ce383dfa2aef68181b89655711eb86f5b343c73f51432d8e16 352.32MB / 2.25GB 188.3s
#9 sha256:55ed784654146928b647b823eb30b13fa77fee75397f535dd44f47e1b06a5324 373.29MB / 2.82GB 190.2s
#9 sha256:28a8250ccb3ce5ce383dfa2aef68181b89655711eb86f5b343c73f51432d8e16 360.13MB / 2.25GB 193.4s
#9 sha256:55ed784654146928b647b823eb30b13fa77fee75397f535dd44f47e1b06a5324 379.58MB / 2.82GB 195.3s
#9 ...

#10 [vllm_chat vllm-base  4/16] RUN echo 'tzdata tzdata/Areas select America' | debconf-set-selections     && echo 'tzdata tzdata/Zones/America select Los_Angeles' | debconf-set-selections     && apt-get update -y     && apt-get install -y --no-install-recommends         software-properties-common         curl         sudo         python3-pip         ffmpeg         libsm6         libxext6         libgl1     && if [ ! -z ${DEADSNAKES_MIRROR_URL} ] ; then         if [ ! -z "${DEADSNAKES_GPGKEY_URL}" ] ; then             mkdir -p -m 0755 /etc/apt/keyrings ;             curl -L ${DEADSNAKES_GPGKEY_URL} | gpg --dearmor > /etc/apt/keyrings/deadsnakes.gpg ;             sudo chmod 644 /etc/apt/keyrings/deadsnakes.gpg ;             echo "deb [signed-by=/etc/apt/keyrings/deadsnakes.gpg] ${DEADSNAKES_MIRROR_URL} $(lsb_release -cs) main" > /etc/apt/sources.list.d/deadsnakes.list ;         fi ;     else         for i in 1 2 3; do             add-apt-repository -y ppa:deadsnakes/ppa && break ||             { echo "Attempt $i failed, retrying in 5s..."; sleep 5; };         done ;     fi     && apt-get update -y     && apt-get install -y --no-install-recommends         python3.12         python3.12-dev         python3.12-venv         libibverbs-dev     && rm -rf /var/lib/apt/lists/*     && update-alternatives --install /usr/bin/python3 python3 /usr/bin/python3.12 1     && update-alternatives --set python3 /usr/bin/python3.12     && ln -sf /usr/bin/python3.12-config /usr/bin/python3-config     && curl -sS https://bootstrap.pypa.io/get-pip.py | python3.12     && python3 --version && python3 -m pip --version
#10 186.0 Get:142 http://ports.ubuntu.com/ubuntu-ports jammy/main arm64 libvorbisfile3 arm64 1.3.7-1build2 [16.8 kB]
#10 186.1 Get:143 http://ports.ubuntu.com/ubuntu-ports jammy/universe arm64 libopenmpt0 arm64 0.6.1-1 [572 kB]
#10 186.7 Get:144 http://ports.ubuntu.com/ubuntu-ports jammy/main arm64 librabbitmq4 arm64 0.10.0-1ubuntu2 [39.3 kB]
#10 186.7 Get:145 http://ports.ubuntu.com/ubuntu-ports jammy/universe arm64 libsrt1.4-gnutls arm64 1.4.4-4 [290 kB]
#10 186.9 Get:146 http://ports.ubuntu.com/ubuntu-ports jammy-updates/main arm64 libssh-gcrypt-4 arm64 0.9.6-2ubuntu0.22.04.5 [224 kB]
#10 187.2 Get:147 http://ports.ubuntu.com/ubuntu-ports jammy/universe arm64 libnorm1 arm64 1.5.9+dfsg-2 [202 kB]
#10 187.4 Get:148 http://ports.ubuntu.com/ubuntu-ports jammy/universe arm64 libpgm-5.3-0 arm64 5.3.128~dfsg-2 [151 kB]
#10 187.5 Get:149 http://ports.ubuntu.com/ubuntu-ports jammy/main arm64 libsodium23 arm64 1.0.18-1build2 [123 kB]
#10 187.6 Get:150 http://ports.ubuntu.com/ubuntu-ports jammy/universe arm64 libzmq5 arm64 4.3.4-2 [241 kB]
#10 187.9 Get:151 http://ports.ubuntu.com/ubuntu-ports jammy-updates/universe arm64 libavformat58 arm64 7:4.4.2-0ubuntu0.22.04.1 [1116 kB]
#10 188.9 Get:152 http://ports.ubuntu.com/ubuntu-ports jammy/universe arm64 libbs2b0 arm64 3.1.0+dfsg-2.2build1 [9548 B]
#10 188.9 Get:153 http://ports.ubuntu.com/ubuntu-ports jammy/universe arm64 libflite1 arm64 2.2-3 [13.7 MB]
#10 ...

#9 [vllm_chat base 1/8] FROM docker.io/nvidia/cuda:12.9.1-devel-ubuntu20.04@sha256:006428494316cab0cc7c62784d91d28b8f2163dde80db2de66434cfc1bf6eac0
#9 sha256:28a8250ccb3ce5ce383dfa2aef68181b89655711eb86f5b343c73f51432d8e16 367.00MB / 2.25GB 198.5s
#9 sha256:55ed784654146928b647b823eb30b13fa77fee75397f535dd44f47e1b06a5324 384.83MB / 2.82GB 200.4s
#9 sha256:28a8250ccb3ce5ce383dfa2aef68181b89655711eb86f5b343c73f51432d8e16 374.34MB / 2.25GB 203.6s
#9 sha256:55ed784654146928b647b823eb30b13fa77fee75397f535dd44f47e1b06a5324 389.02MB / 2.82GB 205.5s
#9 sha256:28a8250ccb3ce5ce383dfa2aef68181b89655711eb86f5b343c73f51432d8e16 381.68MB / 2.25GB 208.7s
#9 sha256:55ed784654146928b647b823eb30b13fa77fee75397f535dd44f47e1b06a5324 394.26MB / 2.82GB 210.9s
#9 ...

#10 [vllm_chat vllm-base  4/16] RUN echo 'tzdata tzdata/Areas select America' | debconf-set-selections     && echo 'tzdata tzdata/Zones/America select Los_Angeles' | debconf-set-selections     && apt-get update -y     && apt-get install -y --no-install-recommends         software-properties-common         curl         sudo         python3-pip         ffmpeg         libsm6         libxext6         libgl1     && if [ ! -z ${DEADSNAKES_MIRROR_URL} ] ; then         if [ ! -z "${DEADSNAKES_GPGKEY_URL}" ] ; then             mkdir -p -m 0755 /etc/apt/keyrings ;             curl -L ${DEADSNAKES_GPGKEY_URL} | gpg --dearmor > /etc/apt/keyrings/deadsnakes.gpg ;             sudo chmod 644 /etc/apt/keyrings/deadsnakes.gpg ;             echo "deb [signed-by=/etc/apt/keyrings/deadsnakes.gpg] ${DEADSNAKES_MIRROR_URL} $(lsb_release -cs) main" > /etc/apt/sources.list.d/deadsnakes.list ;         fi ;     else         for i in 1 2 3; do             add-apt-repository -y ppa:deadsnakes/ppa && break ||             { echo "Attempt $i failed, retrying in 5s..."; sleep 5; };         done ;     fi     && apt-get update -y     && apt-get install -y --no-install-recommends         python3.12         python3.12-dev         python3.12-venv         libibverbs-dev     && rm -rf /var/lib/apt/lists/*     && update-alternatives --install /usr/bin/python3 python3 /usr/bin/python3.12 1     && update-alternatives --set python3 /usr/bin/python3.12     && ln -sf /usr/bin/python3.12-config /usr/bin/python3-config     && curl -sS https://bootstrap.pypa.io/get-pip.py | python3.12     && python3 --version && python3 -m pip --version
#10 200.7 Get:154 http://ports.ubuntu.com/ubuntu-ports jammy/universe arm64 libserd-0-0 arm64 0.30.10-2 [37.7 kB]
#10 200.7 Get:155 http://ports.ubuntu.com/ubuntu-ports jammy/universe arm64 libsord-0-0 arm64 0.16.8-2 [19.7 kB]
#10 200.7 Get:156 http://ports.ubuntu.com/ubuntu-ports jammy/universe arm64 libsratom-0-0 arm64 0.6.8-1 [15.0 kB]
#10 200.8 Get:157 http://ports.ubuntu.com/ubuntu-ports jammy/universe arm64 liblilv-0-0 arm64 0.24.12-2 [40.4 kB]
#10 200.8 Get:158 http://ports.ubuntu.com/ubuntu-ports jammy/universe arm64 libmysofa1 arm64 1.2.1~dfsg0-1 [1156 kB]
#10 201.7 Get:159 http://ports.ubuntu.com/ubuntu-ports jammy/main arm64 libblas3 arm64 3.10.0-2ubuntu1 [141 kB]
#10 201.7 Get:160 http://ports.ubuntu.com/ubuntu-ports jammy-updates/main arm64 libgfortran5 arm64 12.3.0-1ubuntu1~22.04.2 [417 kB]
#10 201.9 Get:161 http://ports.ubuntu.com/ubuntu-ports jammy/main arm64 liblapack3 arm64 3.10.0-2ubuntu1 [2009 kB]
#10 203.5 Get:162 http://ports.ubuntu.com/ubuntu-ports jammy/main arm64 libasyncns0 arm64 0.8-6build2 [12.5 kB]
#10 203.5 Get:163 http://ports.ubuntu.com/ubuntu-ports jammy-updates/main arm64 libflac8 arm64 1.3.3-2ubuntu0.2 [96.6 kB]
#10 203.6 Get:164 http://ports.ubuntu.com/ubuntu-ports jammy-updates/main arm64 libsndfile1 arm64 1.0.31-2ubuntu0.2 [197 kB]
#10 203.6 Get:165 http://ports.ubuntu.com/ubuntu-ports jammy-updates/main arm64 libx11-xcb1 arm64 2:1.7.5-1ubuntu0.3 [7822 B]
#10 203.6 Get:166 http://ports.ubuntu.com/ubuntu-ports jammy-updates/main arm64 libpulse0 arm64 1:15.99.1+dfsg1-1ubuntu2.2 [265 kB]
#10 203.9 Get:167 http://ports.ubuntu.com/ubuntu-ports jammy/universe arm64 libsphinxbase3 arm64 0.8+5prealpha+1-13build1 [123 kB]
#10 203.9 Get:168 http://ports.ubuntu.com/ubuntu-ports jammy/universe arm64 libpocketsphinx3 arm64 0.8.0+real5prealpha+1-14ubuntu1 [129 kB]
#10 204.1 Get:169 http://ports.ubuntu.com/ubuntu-ports jammy-updates/universe arm64 libpostproc55 arm64 7:4.4.2-0ubuntu0.22.04.1 [39.8 kB]
#10 204.1 Get:170 http://ports.ubuntu.com/ubuntu-ports jammy/main arm64 libsamplerate0 arm64 0.2.2-1build1 [1359 kB]
#10 205.0 Get:171 http://ports.ubuntu.com/ubuntu-ports jammy/universe arm64 librubberband2 arm64 2.0.0-2 [83.3 kB]
#10 205.1 Get:172 http://ports.ubuntu.com/ubuntu-ports jammy-updates/universe arm64 libswscale5 arm64 7:4.4.2-0ubuntu0.22.04.1 [158 kB]
#10 205.1 Get:173 http://ports.ubuntu.com/ubuntu-ports jammy/universe arm64 libvidstab1.1 arm64 1.1.0-2 [34.0 kB]
#10 205.1 Get:174 http://ports.ubuntu.com/ubuntu-ports jammy/universe arm64 libzimg2 arm64 3.0.3+ds1-1 [117 kB]
#10 205.1 Get:175 http://ports.ubuntu.com/ubuntu-ports jammy-updates/universe arm64 libavfilter7 arm64 7:4.4.2-0ubuntu0.22.04.1 [1432 kB]
#10 206.3 Get:176 http://ports.ubuntu.com/ubuntu-ports jammy/main arm64 libcaca0 arm64 0.99.beta19-2.2ubuntu4 [221 kB]
#10 206.4 Get:177 http://ports.ubuntu.com/ubuntu-ports jammy-updates/main arm64 libcdio19 arm64 2.1.0-3ubuntu0.2 [64.4 kB]
#10 206.4 Get:178 http://ports.ubuntu.com/ubuntu-ports jammy/main arm64 libcdio-cdda2 arm64 10.2+2.0.0-1build3 [16.5 kB]
#10 206.4 Get:179 http://ports.ubuntu.com/ubuntu-ports jammy/main arm64 libcdio-paranoia2 arm64 10.2+2.0.0-1build3 [15.1 kB]
#10 206.4 Get:180 http://ports.ubuntu.com/ubuntu-ports jammy/universe arm64 libdc1394-25 arm64 2.2.6-4 [88.4 kB]
#10 206.5 Get:181 http://ports.ubuntu.com/ubuntu-ports jammy/main arm64 libglvnd0 arm64 1.4.0-1 [61.0 kB]
#10 206.6 Get:182 http://ports.ubuntu.com/ubuntu-ports jammy-updates/main arm64 libglapi-mesa arm64 23.2.1-1ubuntu3.1~22.04.3 [52.2 kB]
#10 206.6 Get:183 http://ports.ubuntu.com/ubuntu-ports jammy/main arm64 libxcb-dri2-0 arm64 1.14-3ubuntu3 [7242 B]
#10 206.6 Get:184 http://ports.ubuntu.com/ubuntu-ports jammy/main arm64 libxcb-dri3-0 arm64 1.14-3ubuntu3 [6922 B]
#10 206.6 Get:185 http://ports.ubuntu.com/ubuntu-ports jammy/main arm64 libxcb-glx0 arm64 1.14-3ubuntu3 [26.1 kB]
#10 206.6 Get:186 http://ports.ubuntu.com/ubuntu-ports jammy/main arm64 libxcb-present0 arm64 1.14-3ubuntu3 [5724 B]
#10 206.6 Get:187 http://ports.ubuntu.com/ubuntu-ports jammy/main arm64 libxcb-randr0 arm64 1.14-3ubuntu3 [18.4 kB]
#10 206.6 Get:188 http://ports.ubuntu.com/ubuntu-ports jammy/main arm64 libxcb-sync1 arm64 1.14-3ubuntu3 [9312 B]
#10 206.6 Get:189 http://ports.ubuntu.com/ubuntu-ports jammy/main arm64 libxcb-xfixes0 arm64 1.14-3ubuntu3 [10.0 kB]
#10 206.7 Get:190 http://ports.ubuntu.com/ubuntu-ports jammy/main arm64 libxshmfence1 arm64 1.3-1build4 [5444 B]
#10 206.7 Get:191 http://ports.ubuntu.com/ubuntu-ports jammy/main arm64 libxxf86vm1 arm64 1:1.1.4-1build3 [10.3 kB]
#10 206.8 Get:192 http://ports.ubuntu.com/ubuntu-ports jammy-updates/main arm64 libdrm-amdgpu1 arm64 2.4.113-2~ubuntu0.22.04.1 [19.8 kB]
#10 206.8 Get:193 http://ports.ubuntu.com/ubuntu-ports jammy-updates/main arm64 libdrm-nouveau2 arm64 2.4.113-2~ubuntu0.22.04.1 [17.5 kB]
#10 206.8 Get:194 http://ports.ubuntu.com/ubuntu-ports jammy-updates/main arm64 libdrm-radeon1 arm64 2.4.113-2~ubuntu0.22.04.1 [21.2 kB]
#10 206.8 Get:195 http://ports.ubuntu.com/ubuntu-ports jammy-updates/main arm64 libllvm15 arm64 1:15.0.7-0ubuntu0.22.04.3 [24.2 MB]
#10 ...

#9 [vllm_chat base 1/8] FROM docker.io/nvidia/cuda:12.9.1-devel-ubuntu20.04@sha256:006428494316cab0cc7c62784d91d28b8f2163dde80db2de66434cfc1bf6eac0
#9 sha256:28a8250ccb3ce5ce383dfa2aef68181b89655711eb86f5b343c73f51432d8e16 384.83MB / 2.25GB 213.7s
#9 sha256:55ed784654146928b647b823eb30b13fa77fee75397f535dd44f47e1b06a5324 398.46MB / 2.82GB 215.9s
#9 sha256:28a8250ccb3ce5ce383dfa2aef68181b89655711eb86f5b343c73f51432d8e16 392.17MB / 2.25GB 218.8s
#9 sha256:55ed784654146928b647b823eb30b13fa77fee75397f535dd44f47e1b06a5324 403.70MB / 2.82GB 221.0s
#9 sha256:28a8250ccb3ce5ce383dfa2aef68181b89655711eb86f5b343c73f51432d8e16 398.46MB / 2.25GB 223.9s
#9 sha256:55ed784654146928b647b823eb30b13fa77fee75397f535dd44f47e1b06a5324 409.99MB / 2.82GB 226.1s
#9 ...

#10 [vllm_chat vllm-base  4/16] RUN echo 'tzdata tzdata/Areas select America' | debconf-set-selections     && echo 'tzdata tzdata/Zones/America select Los_Angeles' | debconf-set-selections     && apt-get update -y     && apt-get install -y --no-install-recommends         software-properties-common         curl         sudo         python3-pip         ffmpeg         libsm6         libxext6         libgl1     && if [ ! -z ${DEADSNAKES_MIRROR_URL} ] ; then         if [ ! -z "${DEADSNAKES_GPGKEY_URL}" ] ; then             mkdir -p -m 0755 /etc/apt/keyrings ;             curl -L ${DEADSNAKES_GPGKEY_URL} | gpg --dearmor > /etc/apt/keyrings/deadsnakes.gpg ;             sudo chmod 644 /etc/apt/keyrings/deadsnakes.gpg ;             echo "deb [signed-by=/etc/apt/keyrings/deadsnakes.gpg] ${DEADSNAKES_MIRROR_URL} $(lsb_release -cs) main" > /etc/apt/sources.list.d/deadsnakes.list ;         fi ;     else         for i in 1 2 3; do             add-apt-repository -y ppa:deadsnakes/ppa && break ||             { echo "Attempt $i failed, retrying in 5s..."; sleep 5; };         done ;     fi     && apt-get update -y     && apt-get install -y --no-install-recommends         python3.12         python3.12-dev         python3.12-venv         libibverbs-dev     && rm -rf /var/lib/apt/lists/*     && update-alternatives --install /usr/bin/python3 python3 /usr/bin/python3.12 1     && update-alternatives --set python3 /usr/bin/python3.12     && ln -sf /usr/bin/python3.12-config /usr/bin/python3-config     && curl -sS https://bootstrap.pypa.io/get-pip.py | python3.12     && python3 --version && python3 -m pip --version
#10 228.5 Get:196 http://ports.ubuntu.com/ubuntu-ports jammy/main arm64 libsensors-config all 1:3.6.0-7ubuntu1 [5274 B]
#10 228.5 Get:197 http://ports.ubuntu.com/ubuntu-ports jammy/main arm64 libsensors5 arm64 1:3.6.0-7ubuntu1 [26.1 kB]
#10 228.5 Get:198 http://ports.ubuntu.com/ubuntu-ports jammy-updates/main arm64 libgl1-mesa-dri arm64 23.2.1-1ubuntu3.1~22.04.3 [8091 kB]
#10 ...

#9 [vllm_chat base 1/8] FROM docker.io/nvidia/cuda:12.9.1-devel-ubuntu20.04@sha256:006428494316cab0cc7c62784d91d28b8f2163dde80db2de66434cfc1bf6eac0
#9 sha256:55ed784654146928b647b823eb30b13fa77fee75397f535dd44f47e1b06a5324 418.38MB / 2.82GB 233.2s
#9 sha256:28a8250ccb3ce5ce383dfa2aef68181b89655711eb86f5b343c73f51432d8e16 409.99MB / 2.25GB 233.0s
#9 sha256:55ed784654146928b647b823eb30b13fa77fee75397f535dd44f47e1b06a5324 426.77MB / 2.82GB 238.3s
#9 sha256:28a8250ccb3ce5ce383dfa2aef68181b89655711eb86f5b343c73f51432d8e16 417.33MB / 2.25GB 238.1s
#9 sha256:55ed784654146928b647b823eb30b13fa77fee75397f535dd44f47e1b06a5324 434.11MB / 2.82GB 245.0s
#9 sha256:28a8250ccb3ce5ce383dfa2aef68181b89655711eb86f5b343c73f51432d8e16 422.58MB / 2.25GB 244.8s
#9 ...

#10 [vllm_chat vllm-base  4/16] RUN echo 'tzdata tzdata/Areas select America' | debconf-set-selections     && echo 'tzdata tzdata/Zones/America select Los_Angeles' | debconf-set-selections     && apt-get update -y     && apt-get install -y --no-install-recommends         software-properties-common         curl         sudo         python3-pip         ffmpeg         libsm6         libxext6         libgl1     && if [ ! -z ${DEADSNAKES_MIRROR_URL} ] ; then         if [ ! -z "${DEADSNAKES_GPGKEY_URL}" ] ; then             mkdir -p -m 0755 /etc/apt/keyrings ;             curl -L ${DEADSNAKES_GPGKEY_URL} | gpg --dearmor > /etc/apt/keyrings/deadsnakes.gpg ;             sudo chmod 644 /etc/apt/keyrings/deadsnakes.gpg ;             echo "deb [signed-by=/etc/apt/keyrings/deadsnakes.gpg] ${DEADSNAKES_MIRROR_URL} $(lsb_release -cs) main" > /etc/apt/sources.list.d/deadsnakes.list ;         fi ;     else         for i in 1 2 3; do             add-apt-repository -y ppa:deadsnakes/ppa && break ||             { echo "Attempt $i failed, retrying in 5s..."; sleep 5; };         done ;     fi     && apt-get update -y     && apt-get install -y --no-install-recommends         python3.12         python3.12-dev         python3.12-venv         libibverbs-dev     && rm -rf /var/lib/apt/lists/*     && update-alternatives --install /usr/bin/python3 python3 /usr/bin/python3.12 1     && update-alternatives --set python3 /usr/bin/python3.12     && ln -sf /usr/bin/python3.12-config /usr/bin/python3-config     && curl -sS https://bootstrap.pypa.io/get-pip.py | python3.12     && python3 --version && python3 -m pip --version
#10 234.5 Get:199 http://ports.ubuntu.com/ubuntu-ports jammy-updates/main arm64 libglx-mesa0 arm64 23.2.1-1ubuntu3.1~22.04.3 [165 kB]
#10 234.7 Get:200 http://ports.ubuntu.com/ubuntu-ports jammy/main arm64 libglx0 arm64 1.4.0-1 [37.1 kB]
#10 234.7 Get:201 http://ports.ubuntu.com/ubuntu-ports jammy/main arm64 libgl1 arm64 1.4.0-1 [114 kB]
#10 234.7 Get:202 http://ports.ubuntu.com/ubuntu-ports jammy/main arm64 libiec61883-0 arm64 1.2.0-4build3 [24.9 kB]
#10 234.9 Get:203 http://ports.ubuntu.com/ubuntu-ports jammy/main arm64 libjack-jackd2-0 arm64 1.9.20~dfsg-1 [284 kB]
#10 236.1 Get:204 http://ports.ubuntu.com/ubuntu-ports jammy/universe arm64 libopenal-data all 1:1.19.1-2build3 [164 kB]
#10 236.5 Get:205 http://ports.ubuntu.com/ubuntu-ports jammy/universe arm64 libsndio7.0 arm64 1.8.1-1.1 [28.7 kB]
#10 236.6 Get:206 http://ports.ubuntu.com/ubuntu-ports jammy/universe arm64 libopenal1 arm64 1:1.19.1-2build3 [525 kB]
#10 237.8 Get:207 http://ports.ubuntu.com/ubuntu-ports jammy-updates/main arm64 libwayland-client0 arm64 1.20.0-1ubuntu0.1 [25.4 kB]
#10 237.8 Get:208 http://ports.ubuntu.com/ubuntu-ports jammy/main arm64 libdecor-0-0 arm64 0.1.0-3build1 [14.9 kB]
#10 237.8 Get:209 http://ports.ubuntu.com/ubuntu-ports jammy-updates/main arm64 libwayland-server0 arm64 1.20.0-1ubuntu0.1 [34.1 kB]
#10 238.1 Get:210 http://ports.ubuntu.com/ubuntu-ports jammy-updates/main arm64 libgbm1 arm64 23.2.1-1ubuntu3.1~22.04.3 [33.7 kB]
#10 238.2 Get:211 http://ports.ubuntu.com/ubuntu-ports jammy-updates/main arm64 libwayland-cursor0 arm64 1.20.0-1ubuntu0.1 [10.5 kB]
#10 238.2 Get:212 http://ports.ubuntu.com/ubuntu-ports jammy-updates/main arm64 libwayland-egl1 arm64 1.20.0-1ubuntu0.1 [5516 B]
#10 238.2 Get:213 http://ports.ubuntu.com/ubuntu-ports jammy/main arm64 libxcursor1 arm64 1:1.2.0-2build4 [20.9 kB]
#10 238.4 Get:214 http://ports.ubuntu.com/ubuntu-ports jammy/main arm64 libxi6 arm64 2:1.8-1build1 [31.6 kB]
#10 238.4 Get:215 http://ports.ubuntu.com/ubuntu-ports jammy/main arm64 libxinerama1 arm64 2:1.1.4-3 [7056 B]
#10 238.4 Get:216 http://ports.ubuntu.com/ubuntu-ports jammy/main arm64 libxkbcommon0 arm64 1.4.0-1 [122 kB]
#10 238.5 Get:217 http://ports.ubuntu.com/ubuntu-ports jammy/main arm64 libxrandr2 arm64 2:1.5.2-1build1 [19.6 kB]
#10 238.6 Get:218 http://ports.ubuntu.com/ubuntu-ports jammy/main arm64 x11-common all 1:7.7+23ubuntu2 [23.4 kB]
#10 238.7 Get:219 http://ports.ubuntu.com/ubuntu-ports jammy/main arm64 libxss1 arm64 1:1.2.3-1build2 [8252 B]
#10 238.7 Get:220 http://ports.ubuntu.com/ubuntu-ports jammy-updates/main arm64 libsdl2-2.0-0 arm64 2.0.20+dfsg-2ubuntu1.22.04.1 [558 kB]
#10 239.3 Get:221 http://ports.ubuntu.com/ubuntu-ports jammy/main arm64 libxcb-shape0 arm64 1.14-3ubuntu3 [6092 B]
#10 239.3 Get:222 http://ports.ubuntu.com/ubuntu-ports jammy/main arm64 libxv1 arm64 2:1.0.11-1build2 [11.0 kB]
#10 239.4 Get:223 http://ports.ubuntu.com/ubuntu-ports jammy-updates/universe arm64 libavdevice58 arm64 7:4.4.2-0ubuntu0.22.04.1 [85.2 kB]
#10 239.6 Get:224 http://ports.ubuntu.com/ubuntu-ports jammy-updates/universe arm64 ffmpeg arm64 7:4.4.2-0ubuntu0.22.04.1 [1693 kB]
#10 242.2 Get:225 http://ports.ubuntu.com/ubuntu-ports jammy-updates/main arm64 libpackagekit-glib2-18 arm64 1.2.5-2ubuntu3 [116 kB]
#10 242.4 Get:226 http://ports.ubuntu.com/ubuntu-ports jammy-updates/main arm64 gir1.2-packagekitglib-1.0 arm64 1.2.5-2ubuntu3 [25.3 kB]
#10 242.4 Get:227 http://ports.ubuntu.com/ubuntu-ports jammy-updates/main arm64 libcurl3-gnutls arm64 7.81.0-1ubuntu1.21 [279 kB]
#10 242.7 Get:228 http://ports.ubuntu.com/ubuntu-ports jammy/main arm64 libstemmer0d arm64 2.2.0-1build1 [166 kB]
#10 245.5 Get:229 http://ports.ubuntu.com/ubuntu-ports jammy/main arm64 libxmlb2 arm64 0.3.6-2build1 [66.5 kB]
#10 245.5 Get:230 http://ports.ubuntu.com/ubuntu-ports jammy/main arm64 libappstream4 arm64 0.15.2-2 [190 kB]
#10 246.0 Get:231 http://ports.ubuntu.com/ubuntu-ports jammy-updates/main arm64 libdw1 arm64 0.186-1ubuntu0.1 [246 kB]
#10 246.2 Get:232 http://ports.ubuntu.com/ubuntu-ports jammy-updates/main arm64 libglib2.0-bin arm64 2.72.4-0ubuntu2.6 [79.6 kB]
#10 246.6 Get:233 http://ports.ubuntu.com/ubuntu-ports jammy-updates/main arm64 libunwind8 arm64 1.3.2-2build2.1 [53.4 kB]
#10 246.6 Get:234 http://ports.ubuntu.com/ubuntu-ports jammy-updates/main arm64 libgstreamer1.0-0 arm64 1.20.3-0ubuntu1.1 [930 kB]
#10 ...

#9 [vllm_chat base 1/8] FROM docker.io/nvidia/cuda:12.9.1-devel-ubuntu20.04@sha256:006428494316cab0cc7c62784d91d28b8f2163dde80db2de66434cfc1bf6eac0
#9 sha256:55ed784654146928b647b823eb30b13fa77fee75397f535dd44f47e1b06a5324 442.50MB / 2.82GB 250.1s
#9 sha256:28a8250ccb3ce5ce383dfa2aef68181b89655711eb86f5b343c73f51432d8e16 429.92MB / 2.25GB 249.9s
#9 sha256:55ed784654146928b647b823eb30b13fa77fee75397f535dd44f47e1b06a5324 451.94MB / 2.82GB 255.2s
#9 sha256:28a8250ccb3ce5ce383dfa2aef68181b89655711eb86f5b343c73f51432d8e16 438.30MB / 2.25GB 255.0s
#9 ...

#10 [vllm_chat vllm-base  4/16] RUN echo 'tzdata tzdata/Areas select America' | debconf-set-selections     && echo 'tzdata tzdata/Zones/America select Los_Angeles' | debconf-set-selections     && apt-get update -y     && apt-get install -y --no-install-recommends         software-properties-common         curl         sudo         python3-pip         ffmpeg         libsm6         libxext6         libgl1     && if [ ! -z ${DEADSNAKES_MIRROR_URL} ] ; then         if [ ! -z "${DEADSNAKES_GPGKEY_URL}" ] ; then             mkdir -p -m 0755 /etc/apt/keyrings ;             curl -L ${DEADSNAKES_GPGKEY_URL} | gpg --dearmor > /etc/apt/keyrings/deadsnakes.gpg ;             sudo chmod 644 /etc/apt/keyrings/deadsnakes.gpg ;             echo "deb [signed-by=/etc/apt/keyrings/deadsnakes.gpg] ${DEADSNAKES_MIRROR_URL} $(lsb_release -cs) main" > /etc/apt/sources.list.d/deadsnakes.list ;         fi ;     else         for i in 1 2 3; do             add-apt-repository -y ppa:deadsnakes/ppa && break ||             { echo "Attempt $i failed, retrying in 5s..."; sleep 5; };         done ;     fi     && apt-get update -y     && apt-get install -y --no-install-recommends         python3.12         python3.12-dev         python3.12-venv         libibverbs-dev     && rm -rf /var/lib/apt/lists/*     && update-alternatives --install /usr/bin/python3 python3 /usr/bin/python3.12 1     && update-alternatives --set python3 /usr/bin/python3.12     && ln -sf /usr/bin/python3.12-config /usr/bin/python3-config     && curl -sS https://bootstrap.pypa.io/get-pip.py | python3.12     && python3 --version && python3 -m pip --version
#10 247.4 Get:235 http://ports.ubuntu.com/ubuntu-ports jammy/main arm64 libice6 arm64 2:1.0.10-1build2 [41.7 kB]
#10 247.5 Get:236 http://ports.ubuntu.com/ubuntu-ports jammy/main arm64 libpolkit-gobject-1-0 arm64 0.105-33 [42.4 kB]
#10 247.5 Get:237 http://ports.ubuntu.com/ubuntu-ports jammy/main arm64 libpolkit-agent-1-0 arm64 0.105-33 [16.0 kB]
#10 247.6 Get:238 http://ports.ubuntu.com/ubuntu-ports jammy/main arm64 libsm6 arm64 2:1.2.3-1build2 [16.1 kB]
#10 247.6 Get:239 http://ports.ubuntu.com/ubuntu-ports jammy/main arm64 polkitd arm64 0.105-33 [77.7 kB]
#10 247.8 Get:240 http://ports.ubuntu.com/ubuntu-ports jammy/main arm64 pkexec arm64 0.105-33 [14.8 kB]
#10 247.8 Get:241 http://ports.ubuntu.com/ubuntu-ports jammy/main arm64 policykit-1 arm64 0.105-33 [2424 B]
#10 247.8 Get:242 http://ports.ubuntu.com/ubuntu-ports jammy/main arm64 python3-blinker all 1.4+dfsg1-0.4 [14.0 kB]
#10 247.8 Get:243 http://ports.ubuntu.com/ubuntu-ports jammy/main arm64 python3-cffi-backend arm64 1.15.0-1build2 [81.0 kB]
#10 247.8 Get:244 http://ports.ubuntu.com/ubuntu-ports jammy-updates/main arm64 python3-cryptography arm64 3.4.8-1ubuntu2.2 [223 kB]
#10 248.1 Get:245 http://ports.ubuntu.com/ubuntu-ports jammy-updates/main arm64 python3-lib2to3 all 3.10.8-1~22.04 [77.6 kB]
#10 248.2 Get:246 http://ports.ubuntu.com/ubuntu-ports jammy-updates/main arm64 python3-distutils all 3.10.8-1~22.04 [139 kB]
#10 248.4 Get:247 http://ports.ubuntu.com/ubuntu-ports jammy/main arm64 python3-pyparsing all 2.4.7-1 [61.4 kB]
#10 248.4 Get:248 http://ports.ubuntu.com/ubuntu-ports jammy/main arm64 python3-httplib2 all 0.20.2-2 [30.4 kB]
#10 248.6 Get:249 http://ports.ubuntu.com/ubuntu-ports jammy/main arm64 python3-more-itertools all 8.10.0-2 [47.9 kB]
#10 248.6 Get:250 http://ports.ubuntu.com/ubuntu-ports jammy-updates/main arm64 python3-zipp all 1.0.0-3ubuntu0.1 [6288 B]
#10 248.6 Get:251 http://ports.ubuntu.com/ubuntu-ports jammy/main arm64 python3-importlib-metadata all 4.6.4-1 [16.2 kB]
#10 248.6 Get:252 http://ports.ubuntu.com/ubuntu-ports jammy/main arm64 python3-jeepney all 0.7.1-3 [36.8 kB]
#10 248.6 Get:253 http://ports.ubuntu.com/ubuntu-ports jammy-updates/main arm64 python3-jwt all 2.3.0-1ubuntu0.2 [17.1 kB]
#10 248.6 Get:254 http://ports.ubuntu.com/ubuntu-ports jammy/main arm64 python3-secretstorage all 3.3.1-1 [13.2 kB]
#10 248.6 Get:255 http://ports.ubuntu.com/ubuntu-ports jammy/main arm64 python3-keyring all 23.5.0-1 [35.7 kB]
#10 248.6 Get:256 http://ports.ubuntu.com/ubuntu-ports jammy/main arm64 python3-lazr.uri all 1.0.6-2 [14.4 kB]
#10 248.6 Get:257 http://ports.ubuntu.com/ubuntu-ports jammy/main arm64 python3-wadllib all 1.3.6-1 [36.4 kB]
#10 248.7 Get:258 http://ports.ubuntu.com/ubuntu-ports jammy/main arm64 python3-distro all 1.7.0-1 [17.0 kB]
#10 248.7 Get:259 http://ports.ubuntu.com/ubuntu-ports jammy-updates/main arm64 python3-oauthlib all 3.2.0-1ubuntu0.1 [89.9 kB]
#10 248.8 Get:260 http://ports.ubuntu.com/ubuntu-ports jammy/main arm64 python3-six all 1.16.0-3ubuntu1 [12.6 kB]
#10 248.8 Get:261 http://ports.ubuntu.com/ubuntu-ports jammy/main arm64 python3-lazr.restfulclient all 0.14.4-1 [51.2 kB]
#10 249.0 Get:262 http://ports.ubuntu.com/ubuntu-ports jammy/main arm64 python3-launchpadlib all 1.10.16-1 [125 kB]
#10 249.1 Get:263 http://ports.ubuntu.com/ubuntu-ports jammy-updates/main arm64 python3-setuptools all 59.6.0-1.2ubuntu0.22.04.3 [340 kB]
#10 249.6 Get:264 http://ports.ubuntu.com/ubuntu-ports jammy-updates/universe arm64 python3-wheel all 0.37.1-2ubuntu0.22.04.1 [32.0 kB]
#10 249.8 Get:265 http://ports.ubuntu.com/ubuntu-ports jammy-updates/universe arm64 python3-pip all 22.0.2+dfsg-1ubuntu0.7 [1306 kB]
#10 251.2 Get:266 http://ports.ubuntu.com/ubuntu-ports jammy-updates/main arm64 python3-software-properties all 0.99.22.9 [28.8 kB]
#10 251.2 Get:267 http://ports.ubuntu.com/ubuntu-ports jammy-updates/main arm64 packagekit arm64 1.2.5-2ubuntu3 [425 kB]
#10 251.5 Get:268 http://ports.ubuntu.com/ubuntu-ports jammy-updates/main arm64 software-properties-common all 0.99.22.9 [14.1 kB]
#10 252.7 debconf: delaying package configuration, since apt-utils is not installed
#10 252.9 Fetched 129 MB in 2min 9s (1001 kB/s)
#10 253.1 (Reading database ... (Reading database ... 5%(Reading database ... 10%(Reading database ... 15%(Reading database ... 20%(Reading database ... 25%(Reading database ... 30%(Reading database ... 35%(Reading database ... 40%(Reading database ... 45%(Reading database ... 50%(Reading database ... 55%(Reading database ... 60%(Reading database ... 65%(Reading database ... 70%(Reading database ... 75%(Reading database ... 80%(Reading database ... 85%(Reading database ... 90%(Reading database ... 95%(Reading database ... 100%(Reading database ... 5181 files and directories currently installed.)
#10 253.1 Preparing to unpack .../libsystemd0_249.11-0ubuntu3.17_arm64.deb ...
#10 253.1 Unpacking libsystemd0:arm64 (249.11-0ubuntu3.17) over (249.11-0ubuntu3.16) ...
#10 253.4 Setting up libsystemd0:arm64 (249.11-0ubuntu3.17) ...
#10 253.6 Selecting previously unselected package libpython3.10-minimal:arm64.
#10 253.6 (Reading database ... (Reading database ... 5%(Reading database ... 10%(Reading database ... 15%(Reading database ... 20%(Reading database ... 25%(Reading database ... 30%(Reading database ... 35%(Reading database ... 40%(Reading database ... 45%(Reading database ... 50%(Reading database ... 55%(Reading database ... 60%(Reading database ... 65%(Reading database ... 70%(Reading database ... 75%(Reading database ... 80%(Reading database ... 85%(Reading database ... 90%(Reading database ... 95%(Reading database ... 100%(Reading database ... 5181 files and directories currently installed.)
#10 253.6 Preparing to unpack .../libpython3.10-minimal_3.10.12-1~22.04.12_arm64.deb ...
#10 253.6 Unpacking libpython3.10-minimal:arm64 (3.10.12-1~22.04.12) ...
#10 254.0 Selecting previously unselected package libexpat1:arm64.
#10 254.0 Preparing to unpack .../libexpat1_2.4.7-1ubuntu0.6_arm64.deb ...
#10 254.0 Unpacking libexpat1:arm64 (2.4.7-1ubuntu0.6) ...
#10 254.2 Selecting previously unselected package python3.10-minimal.
#10 254.2 Preparing to unpack .../python3.10-minimal_3.10.12-1~22.04.12_arm64.deb ...
#10 254.3 Unpacking python3.10-minimal (3.10.12-1~22.04.12) ...
#10 254.6 Setting up libpython3.10-minimal:arm64 (3.10.12-1~22.04.12) ...
#10 254.7 Setting up libexpat1:arm64 (2.4.7-1ubuntu0.6) ...
#10 254.7 Setting up python3.10-minimal (3.10.12-1~22.04.12) ...
#10 ...

#9 [vllm_chat base 1/8] FROM docker.io/nvidia/cuda:12.9.1-devel-ubuntu20.04@sha256:006428494316cab0cc7c62784d91d28b8f2163dde80db2de66434cfc1bf6eac0
#9 sha256:55ed784654146928b647b823eb30b13fa77fee75397f535dd44f47e1b06a5324 463.47MB / 2.82GB 260.3s
#9 sha256:28a8250ccb3ce5ce383dfa2aef68181b89655711eb86f5b343c73f51432d8e16 446.69MB / 2.25GB 260.1s
#9 sha256:55ed784654146928b647b823eb30b13fa77fee75397f535dd44f47e1b06a5324 472.91MB / 2.82GB 265.4s
#9 sha256:28a8250ccb3ce5ce383dfa2aef68181b89655711eb86f5b343c73f51432d8e16 456.13MB / 2.25GB 265.2s
#9 sha256:55ed784654146928b647b823eb30b13fa77fee75397f535dd44f47e1b06a5324 482.34MB / 2.82GB 270.5s
#9 sha256:28a8250ccb3ce5ce383dfa2aef68181b89655711eb86f5b343c73f51432d8e16 466.62MB / 2.25GB 270.3s
#9 ...

#10 [vllm_chat vllm-base  4/16] RUN echo 'tzdata tzdata/Areas select America' | debconf-set-selections     && echo 'tzdata tzdata/Zones/America select Los_Angeles' | debconf-set-selections     && apt-get update -y     && apt-get install -y --no-install-recommends         software-properties-common         curl         sudo         python3-pip         ffmpeg         libsm6         libxext6         libgl1     && if [ ! -z ${DEADSNAKES_MIRROR_URL} ] ; then         if [ ! -z "${DEADSNAKES_GPGKEY_URL}" ] ; then             mkdir -p -m 0755 /etc/apt/keyrings ;             curl -L ${DEADSNAKES_GPGKEY_URL} | gpg --dearmor > /etc/apt/keyrings/deadsnakes.gpg ;             sudo chmod 644 /etc/apt/keyrings/deadsnakes.gpg ;             echo "deb [signed-by=/etc/apt/keyrings/deadsnakes.gpg] ${DEADSNAKES_MIRROR_URL} $(lsb_release -cs) main" > /etc/apt/sources.list.d/deadsnakes.list ;         fi ;     else         for i in 1 2 3; do             add-apt-repository -y ppa:deadsnakes/ppa && break ||             { echo "Attempt $i failed, retrying in 5s..."; sleep 5; };         done ;     fi     && apt-get update -y     && apt-get install -y --no-install-recommends         python3.12         python3.12-dev         python3.12-venv         libibverbs-dev     && rm -rf /var/lib/apt/lists/*     && update-alternatives --install /usr/bin/python3 python3 /usr/bin/python3.12 1     && update-alternatives --set python3 /usr/bin/python3.12     && ln -sf /usr/bin/python3.12-config /usr/bin/python3-config     && curl -sS https://bootstrap.pypa.io/get-pip.py | python3.12     && python3 --version && python3 -m pip --version
#10 261.7 Selecting previously unselected package python3-minimal.
#10 261.7 (Reading database ... (Reading database ... 5%(Reading database ... 10%(Reading database ... 15%(Reading database ... 20%(Reading database ... 25%(Reading database ... 30%(Reading database ... 35%(Reading database ... 40%(Reading database ... 45%(Reading database ... 50%(Reading database ... 55%(Reading database ... 60%(Reading database ... 65%(Reading database ... 70%(Reading database ... 75%(Reading database ... 80%(Reading database ... 85%(Reading database ... 90%(Reading database ... 95%(Reading database ... 100%(Reading database ... 5485 files and directories currently installed.)
#10 261.7 Preparing to unpack .../python3-minimal_3.10.6-1~22.04.1_arm64.deb ...
#10 261.7 Unpacking python3-minimal (3.10.6-1~22.04.1) ...
#10 262.0 Selecting previously unselected package media-types.
#10 262.0 Preparing to unpack .../media-types_7.0.0_all.deb ...
#10 262.0 Unpacking media-types (7.0.0) ...
#10 262.2 Preparing to unpack .../gcc-12-base_12.3.0-1ubuntu1~22.04.2_arm64.deb ...
#10 262.2 Unpacking gcc-12-base:arm64 (12.3.0-1ubuntu1~22.04.2) over (12.3.0-1ubuntu1~22.04) ...
#10 262.4 Setting up gcc-12-base:arm64 (12.3.0-1ubuntu1~22.04.2) ...
#10 262.6 (Reading database ... (Reading database ... 5%(Reading database ... 10%(Reading database ... 15%(Reading database ... 20%(Reading database ... 25%(Reading database ... 30%(Reading database ... 35%(Reading database ... 40%(Reading database ... 45%(Reading database ... 50%(Reading database ... 55%(Reading database ... 60%(Reading database ... 65%(Reading database ... 70%(Reading database ... 75%(Reading database ... 80%(Reading database ... 85%(Reading database ... 90%(Reading database ... 95%(Reading database ... 100%(Reading database ... 5512 files and directories currently installed.)
#10 262.6 Preparing to unpack .../libgcc-s1_12.3.0-1ubuntu1~22.04.2_arm64.deb ...
#10 262.7 Unpacking libgcc-s1:arm64 (12.3.0-1ubuntu1~22.04.2) over (12.3.0-1ubuntu1~22.04) ...
#10 262.9 Setting up libgcc-s1:arm64 (12.3.0-1ubuntu1~22.04.2) ...
#10 263.1 (Reading database ... (Reading database ... 5%(Reading database ... 10%(Reading database ... 15%(Reading database ... 20%(Reading database ... 25%(Reading database ... 30%(Reading database ... 35%(Reading database ... 40%(Reading database ... 45%(Reading database ... 50%(Reading database ... 55%(Reading database ... 60%(Reading database ... 65%(Reading database ... 70%(Reading database ... 75%(Reading database ... 80%(Reading database ... 85%(Reading database ... 90%(Reading database ... 95%(Reading database ... 100%(Reading database ... 5512 files and directories currently installed.)
#10 263.1 Preparing to unpack .../libstdc++6_12.3.0-1ubuntu1~22.04.2_arm64.deb ...
#10 263.5 Unpacking libstdc++6:arm64 (12.3.0-1ubuntu1~22.04.2) over (12.3.0-1ubuntu1~22.04) ...
#10 263.7 Setting up libstdc++6:arm64 (12.3.0-1ubuntu1~22.04.2) ...
#10 263.9 Selecting previously unselected package libmpdec3:arm64.
#10 263.9 (Reading database ... (Reading database ... 5%(Reading database ... 10%(Reading database ... 15%(Reading database ... 20%(Reading database ... 25%(Reading database ... 30%(Reading database ... 35%(Reading database ... 40%(Reading database ... 45%(Reading database ... 50%(Reading database ... 55%(Reading database ... 60%(Reading database ... 65%(Reading database ... 70%(Reading database ... 75%(Reading database ... 80%(Reading database ... 85%(Reading database ... 90%(Reading database ... 95%(Reading database ... 100%(Reading database ... 5512 files and directories currently installed.)
#10 264.0 Preparing to unpack .../libmpdec3_2.5.1-2build2_arm64.deb ...
#10 264.0 Unpacking libmpdec3:arm64 (2.5.1-2build2) ...
#10 264.2 Selecting previously unselected package libpython3.10-stdlib:arm64.
#10 264.2 Preparing to unpack .../libpython3.10-stdlib_3.10.12-1~22.04.12_arm64.deb ...
#10 264.2 Unpacking libpython3.10-stdlib:arm64 (3.10.12-1~22.04.12) ...
#10 264.6 Selecting previously unselected package python3.10.
#10 264.6 Preparing to unpack .../python3.10_3.10.12-1~22.04.12_arm64.deb ...
#10 264.6 Unpacking python3.10 (3.10.12-1~22.04.12) ...
#10 264.8 Selecting previously unselected package libpython3-stdlib:arm64.
#10 264.8 Preparing to unpack .../libpython3-stdlib_3.10.6-1~22.04.1_arm64.deb ...
#10 264.8 Unpacking libpython3-stdlib:arm64 (3.10.6-1~22.04.1) ...
#10 265.0 Setting up python3-minimal (3.10.6-1~22.04.1) ...
#10 267.5 Selecting previously unselected package python3.
#10 267.5 (Reading database ... (Reading database ... 5%(Reading database ... 10%(Reading database ... 15%(Reading database ... 20%(Reading database ... 25%(Reading database ... 30%(Reading database ... 35%(Reading database ... 40%(Reading database ... 45%(Reading database ... 50%(Reading database ... 55%(Reading database ... 60%(Reading database ... 65%(Reading database ... 70%(Reading database ... 75%(Reading database ... 80%(Reading database ... 85%(Reading database ... 90%(Reading database ... 95%(Reading database ... 100%(Reading database ... 5887 files and directories currently installed.)
#10 267.5 Preparing to unpack .../0-python3_3.10.6-1~22.04.1_arm64.deb ...
#10 267.6 Unpacking python3 (3.10.6-1~22.04.1) ...
#10 267.9 Selecting previously unselected package libapparmor1:arm64.
#10 267.9 Preparing to unpack .../1-libapparmor1_3.0.4-2ubuntu2.4_arm64.deb ...
#10 267.9 Unpacking libapparmor1:arm64 (3.0.4-2ubuntu2.4) ...
#10 268.1 Selecting previously unselected package libargon2-1:arm64.
#10 268.1 Preparing to unpack .../2-libargon2-1_0~20171227-0.3_arm64.deb ...
#10 268.1 Unpacking libargon2-1:arm64 (0~20171227-0.3) ...
#10 268.4 Selecting previously unselected package libdevmapper1.02.1:arm64.
#10 268.4 Preparing to unpack .../3-libdevmapper1.02.1_2%3a1.02.175-2.1ubuntu5_arm64.deb ...
#10 268.4 Unpacking libdevmapper1.02.1:arm64 (2:1.02.175-2.1ubuntu5) ...
#10 268.6 Selecting previously unselected package libjson-c5:arm64.
#10 268.6 Preparing to unpack .../4-libjson-c5_0.15-3~ubuntu1.22.04.2_arm64.deb ...
#10 268.6 Unpacking libjson-c5:arm64 (0.15-3~ubuntu1.22.04.2) ...
#10 268.9 Selecting previously unselected package libcryptsetup12:arm64.
#10 268.9 Preparing to unpack .../5-libcryptsetup12_2%3a2.4.3-1ubuntu1.3_arm64.deb ...
#10 268.9 Unpacking libcryptsetup12:arm64 (2:2.4.3-1ubuntu1.3) ...
#10 269.1 Selecting previously unselected package libip4tc2:arm64.
#10 269.1 Preparing to unpack .../6-libip4tc2_1.8.7-1ubuntu5.2_arm64.deb ...
#10 269.2 Unpacking libip4tc2:arm64 (1.8.7-1ubuntu5.2) ...
#10 269.4 Selecting previously unselected package libkmod2:arm64.
#10 269.4 Preparing to unpack .../7-libkmod2_29-1ubuntu1_arm64.deb ...
#10 269.4 Unpacking libkmod2:arm64 (29-1ubuntu1) ...
#10 269.7 Selecting previously unselected package systemd.
#10 269.7 Preparing to unpack .../8-systemd_249.11-0ubuntu3.17_arm64.deb ...
#10 270.2 Unpacking systemd (249.11-0ubuntu3.17) ...
#10 270.8 Setting up libapparmor1:arm64 (3.0.4-2ubuntu2.4) ...
#10 270.8 Setting up libargon2-1:arm64 (0~20171227-0.3) ...
#10 270.8 Setting up libdevmapper1.02.1:arm64 (2:1.02.175-2.1ubuntu5) ...
#10 270.8 Setting up libjson-c5:arm64 (0.15-3~ubuntu1.22.04.2) ...
#10 270.9 Setting up libcryptsetup12:arm64 (2:2.4.3-1ubuntu1.3) ...
#10 270.9 Setting up libip4tc2:arm64 (1.8.7-1ubuntu5.2) ...
#10 270.9 Setting up libkmod2:arm64 (29-1ubuntu1) ...
#10 270.9 Setting up systemd (249.11-0ubuntu3.17) ...
#10 271.1 Created symlink /etc/systemd/system/getty.target.wants/getty@tty1.service → /lib/systemd/system/getty@.service.
#10 271.1 Created symlink /etc/systemd/system/multi-user.target.wants/remote-fs.target → /lib/systemd/system/remote-fs.target.
#10 271.2 Created symlink /etc/systemd/system/dbus-org.freedesktop.resolve1.service → /lib/systemd/system/systemd-resolved.service.
#10 271.2 Created symlink /etc/systemd/system/multi-user.target.wants/systemd-resolved.service → /lib/systemd/system/systemd-resolved.service.
#10 271.4 ln: failed to create symbolic link '/etc/resolv.conf': Device or resource busy
#10 271.5 Created symlink /etc/systemd/system/sysinit.target.wants/systemd-pstore.service → /lib/systemd/system/systemd-pstore.service.
#10 271.5 Initializing machine ID from random generator.
#10 ...

#9 [vllm_chat base 1/8] FROM docker.io/nvidia/cuda:12.9.1-devel-ubuntu20.04@sha256:006428494316cab0cc7c62784d91d28b8f2163dde80db2de66434cfc1bf6eac0
#9 sha256:28a8250ccb3ce5ce383dfa2aef68181b89655711eb86f5b343c73f51432d8e16 475.00MB / 2.25GB 275.6s
#9 sha256:55ed784654146928b647b823eb30b13fa77fee75397f535dd44f47e1b06a5324 489.68MB / 2.82GB 277.5s
#9 sha256:28a8250ccb3ce5ce383dfa2aef68181b89655711eb86f5b343c73f51432d8e16 482.34MB / 2.25GB 280.8s
#9 sha256:55ed784654146928b647b823eb30b13fa77fee75397f535dd44f47e1b06a5324 498.07MB / 2.82GB 282.6s
#9 sha256:28a8250ccb3ce5ce383dfa2aef68181b89655711eb86f5b343c73f51432d8e16 491.78MB / 2.25GB 285.9s
#9 ...

#10 [vllm_chat vllm-base  4/16] RUN echo 'tzdata tzdata/Areas select America' | debconf-set-selections     && echo 'tzdata tzdata/Zones/America select Los_Angeles' | debconf-set-selections     && apt-get update -y     && apt-get install -y --no-install-recommends         software-properties-common         curl         sudo         python3-pip         ffmpeg         libsm6         libxext6         libgl1     && if [ ! -z ${DEADSNAKES_MIRROR_URL} ] ; then         if [ ! -z "${DEADSNAKES_GPGKEY_URL}" ] ; then             mkdir -p -m 0755 /etc/apt/keyrings ;             curl -L ${DEADSNAKES_GPGKEY_URL} | gpg --dearmor > /etc/apt/keyrings/deadsnakes.gpg ;             sudo chmod 644 /etc/apt/keyrings/deadsnakes.gpg ;             echo "deb [signed-by=/etc/apt/keyrings/deadsnakes.gpg] ${DEADSNAKES_MIRROR_URL} $(lsb_release -cs) main" > /etc/apt/sources.list.d/deadsnakes.list ;         fi ;     else         for i in 1 2 3; do             add-apt-repository -y ppa:deadsnakes/ppa && break ||             { echo "Attempt $i failed, retrying in 5s..."; sleep 5; };         done ;     fi     && apt-get update -y     && apt-get install -y --no-install-recommends         python3.12         python3.12-dev         python3.12-venv         libibverbs-dev     && rm -rf /var/lib/apt/lists/*     && update-alternatives --install /usr/bin/python3 python3 /usr/bin/python3.12 1     && update-alternatives --set python3 /usr/bin/python3.12     && ln -sf /usr/bin/python3.12-config /usr/bin/python3-config     && curl -sS https://bootstrap.pypa.io/get-pip.py | python3.12     && python3 --version && python3 -m pip --version
#10 275.1 Selecting previously unselected package systemd-sysv.
#10 275.1 (Reading database ... (Reading database ... 5%(Reading database ... 10%(Reading database ... 15%(Reading database ... 20%(Reading database ... 25%(Reading database ... 30%(Reading database ... 35%(Reading database ... 40%(Reading database ... 45%(Reading database ... 50%(Reading database ... 55%(Reading database ... 60%(Reading database ... 65%(Reading database ... 70%(Reading database ... 75%(Reading database ... 80%(Reading database ... 85%(Reading database ... 90%(Reading database ... 95%(Reading database ... 100%(Reading database ... 6723 files and directories currently installed.)
#10 275.1 Preparing to unpack .../000-systemd-sysv_249.11-0ubuntu3.17_arm64.deb ...
#10 275.2 Unpacking systemd-sysv (249.11-0ubuntu3.17) ...
#10 277.9 Selecting previously unselected package libdbus-1-3:arm64.
#10 277.9 Preparing to unpack .../001-libdbus-1-3_1.12.20-2ubuntu4.1_arm64.deb ...
#10 277.9 Unpacking libdbus-1-3:arm64 (1.12.20-2ubuntu4.1) ...
#10 278.2 Selecting previously unselected package dbus.
#10 278.2 Preparing to unpack .../002-dbus_1.12.20-2ubuntu4.1_arm64.deb ...
#10 278.4 Unpacking dbus (1.12.20-2ubuntu4.1) ...
#10 278.7 Selecting previously unselected package distro-info-data.
#10 278.7 Preparing to unpack .../003-distro-info-data_0.52ubuntu0.11_all.deb ...
#10 278.7 Unpacking distro-info-data (0.52ubuntu0.11) ...
#10 278.9 Selecting previously unselected package libglib2.0-0:arm64.
#10 278.9 Preparing to unpack .../004-libglib2.0-0_2.72.4-0ubuntu2.6_arm64.deb ...
#10 278.9 Unpacking libglib2.0-0:arm64 (2.72.4-0ubuntu2.6) ...
#10 279.2 Selecting previously unselected package libgirepository-1.0-1:arm64.
#10 279.2 Preparing to unpack .../005-libgirepository-1.0-1_1.72.0-1_arm64.deb ...
#10 279.2 Unpacking libgirepository-1.0-1:arm64 (1.72.0-1) ...
#10 279.5 Selecting previously unselected package gir1.2-glib-2.0:arm64.
#10 279.5 Preparing to unpack .../006-gir1.2-glib-2.0_1.72.0-1_arm64.deb ...
#10 279.5 Unpacking gir1.2-glib-2.0:arm64 (1.72.0-1) ...
#10 279.7 Selecting previously unselected package iso-codes.
#10 279.7 Preparing to unpack .../007-iso-codes_4.9.0-1_all.deb ...
#10 279.7 Unpacking iso-codes (4.9.0-1) ...
#10 280.3 Selecting previously unselected package libmd0:arm64.
#10 280.3 Preparing to unpack .../008-libmd0_1.0.4-1build1_arm64.deb ...
#10 280.3 Unpacking libmd0:arm64 (1.0.4-1build1) ...
#10 280.5 Selecting previously unselected package libbsd0:arm64.
#10 280.5 Preparing to unpack .../009-libbsd0_0.11.5-1_arm64.deb ...
#10 280.5 Unpacking libbsd0:arm64 (0.11.5-1) ...
#10 280.8 Selecting previously unselected package libcap2-bin.
#10 280.8 Preparing to unpack .../010-libcap2-bin_1%3a2.44-1ubuntu0.22.04.2_arm64.deb ...
#10 280.8 Unpacking libcap2-bin (1:2.44-1ubuntu0.22.04.2) ...
#10 281.0 Selecting previously unselected package libelf1:arm64.
#10 281.0 Preparing to unpack .../011-libelf1_0.186-1ubuntu0.1_arm64.deb ...
#10 281.0 Unpacking libelf1:arm64 (0.186-1ubuntu0.1) ...
#10 281.2 Selecting previously unselected package libfribidi0:arm64.
#10 281.2 Preparing to unpack .../012-libfribidi0_1.0.8-2ubuntu3.1_arm64.deb ...
#10 281.2 Unpacking libfribidi0:arm64 (1.0.8-2ubuntu3.1) ...
#10 281.5 Selecting previously unselected package libglib2.0-data.
#10 281.5 Preparing to unpack .../013-libglib2.0-data_2.72.4-0ubuntu2.6_all.deb ...
#10 281.5 Unpacking libglib2.0-data (2.72.4-0ubuntu2.6) ...
#10 281.7 Selecting previously unselected package libicu70:arm64.
#10 281.7 Preparing to unpack .../014-libicu70_70.1-2_arm64.deb ...
#10 281.8 Unpacking libicu70:arm64 (70.1-2) ...
#10 282.5 Selecting previously unselected package libpam-systemd:arm64.
#10 282.5 Preparing to unpack .../015-libpam-systemd_249.11-0ubuntu3.17_arm64.deb ...
#10 282.5 Unpacking libpam-systemd:arm64 (249.11-0ubuntu3.17) ...
#10 282.8 Selecting previously unselected package libslang2:arm64.
#10 282.8 Preparing to unpack .../016-libslang2_2.3.2-5build4_arm64.deb ...
#10 282.8 Unpacking libslang2:arm64 (2.3.2-5build4) ...
#10 283.0 Selecting previously unselected package libxml2:arm64.
#10 283.0 Preparing to unpack .../017-libxml2_2.9.13+dfsg-1ubuntu0.10_arm64.deb ...
#10 283.0 Unpacking libxml2:arm64 (2.9.13+dfsg-1ubuntu0.10) ...
#10 283.3 Selecting previously unselected package libyaml-0-2:arm64.
#10 283.3 Preparing to unpack .../018-libyaml-0-2_0.2.2-1build2_arm64.deb ...
#10 283.3 Unpacking libyaml-0-2:arm64 (0.2.2-1build2) ...
#10 283.5 Selecting previously unselected package lsb-release.
#10 283.5 Preparing to unpack .../019-lsb-release_11.1.0ubuntu4_all.deb ...
#10 283.5 Unpacking lsb-release (11.1.0ubuntu4) ...
#10 283.7 Selecting previously unselected package python-apt-common.
#10 283.7 Preparing to unpack .../020-python-apt-common_2.4.0ubuntu4_all.deb ...
#10 283.8 Unpacking python-apt-common (2.4.0ubuntu4) ...
#10 284.0 Selecting previously unselected package python3-apt.
#10 284.0 Preparing to unpack .../021-python3-apt_2.4.0ubuntu4_arm64.deb ...
#10 284.0 Unpacking python3-apt (2.4.0ubuntu4) ...
#10 284.2 Selecting previously unselected package python3-dbus.
#10 284.2 Preparing to unpack .../022-python3-dbus_1.2.18-3build1_arm64.deb ...
#10 284.2 Unpacking python3-dbus (1.2.18-3build1) ...
#10 284.5 Selecting previously unselected package python3-gi.
#10 284.5 Preparing to unpack .../023-python3-gi_3.42.1-0ubuntu1_arm64.deb ...
#10 284.5 Unpacking python3-gi (3.42.1-0ubuntu1) ...
#10 284.7 Selecting previously unselected package python3-pkg-resources.
#10 284.7 Preparing to unpack .../024-python3-pkg-resources_59.6.0-1.2ubuntu0.22.04.3_all.deb ...
#10 284.7 Unpacking python3-pkg-resources (59.6.0-1.2ubuntu0.22.04.3) ...
#10 285.0 Selecting previously unselected package shared-mime-info.
#10 285.0 Preparing to unpack .../025-shared-mime-info_2.1-2_arm64.deb ...
#10 285.0 Unpacking shared-mime-info (2.1-2) ...
#10 285.3 Selecting previously unselected package sudo.
#10 285.3 Preparing to unpack .../026-sudo_1.9.9-1ubuntu2.5_arm64.deb ...
#10 285.3 Unpacking sudo (1.9.9-1ubuntu2.5) ...
#10 285.6 Selecting previously unselected package ucf.
#10 285.6 Preparing to unpack .../027-ucf_3.0043_all.deb ...
#10 285.6 Moving old data out of the way
#10 285.7 Unpacking ucf (3.0043) ...
#10 286.0 Selecting previously unselected package xkb-data.
#10 286.0 Preparing to unpack .../028-xkb-data_2.33-1_all.deb ...
#10 286.0 Unpacking xkb-data (2.33-1) ...
#10 286.3 Selecting previously unselected package libdrm-common.
#10 286.3 Preparing to unpack .../029-libdrm-common_2.4.113-2~ubuntu0.22.04.1_all.deb ...
#10 286.3 Unpacking libdrm-common (2.4.113-2~ubuntu0.22.04.1) ...
#10 286.5 Selecting previously unselected package libdrm2:arm64.
#10 286.5 Preparing to unpack .../030-libdrm2_2.4.113-2~ubuntu0.22.04.1_arm64.deb ...
#10 286.5 Unpacking libdrm2:arm64 (2.4.113-2~ubuntu0.22.04.1) ...
#10 286.8 Selecting previously unselected package libedit2:arm64.
#10 286.8 Preparing to unpack .../031-libedit2_3.1-20210910-1build1_arm64.deb ...
#10 286.8 Unpacking libedit2:arm64 (3.1-20210910-1build1) ...
#10 287.0 Selecting previously unselected package libnghttp2-14:arm64.
#10 287.0 Preparing to unpack .../032-libnghttp2-14_1.43.0-1ubuntu0.2_arm64.deb ...
#10 287.0 Unpacking libnghttp2-14:arm64 (1.43.0-1ubuntu0.2) ...
#10 287.2 Selecting previously unselected package libnuma1:arm64.
#10 287.2 Preparing to unpack .../033-libnuma1_2.0.14-3ubuntu2_arm64.deb ...
#10 287.2 Unpacking libnuma1:arm64 (2.0.14-3ubuntu2) ...
#10 287.4 Selecting previously unselected package libpng16-16:arm64.
#10 287.4 Preparing to unpack .../034-libpng16-16_1.6.37-3build5_arm64.deb ...
#10 287.5 Unpacking libpng16-16:arm64 (1.6.37-3build5) ...
#10 287.7 Selecting previously unselected package libpsl5:arm64.
#10 287.7 Preparing to unpack .../035-libpsl5_0.21.0-1.2build2_arm64.deb ...
#10 287.7 Unpacking libpsl5:arm64 (0.21.0-1.2build2) ...
#10 ...

#9 [vllm_chat base 1/8] FROM docker.io/nvidia/cuda:12.9.1-devel-ubuntu20.04@sha256:006428494316cab0cc7c62784d91d28b8f2163dde80db2de66434cfc1bf6eac0
#9 sha256:55ed784654146928b647b823eb30b13fa77fee75397f535dd44f47e1b06a5324 507.51MB / 2.82GB 287.7s
#9 sha256:28a8250ccb3ce5ce383dfa2aef68181b89655711eb86f5b343c73f51432d8e16 501.22MB / 2.25GB 291.0s
#9 sha256:55ed784654146928b647b823eb30b13fa77fee75397f535dd44f47e1b06a5324 519.05MB / 2.82GB 292.8s
#9 sha256:28a8250ccb3ce5ce383dfa2aef68181b89655711eb86f5b343c73f51432d8e16 510.66MB / 2.25GB 296.1s
#9 ...

#10 [vllm_chat vllm-base  4/16] RUN echo 'tzdata tzdata/Areas select America' | debconf-set-selections     && echo 'tzdata tzdata/Zones/America select Los_Angeles' | debconf-set-selections     && apt-get update -y     && apt-get install -y --no-install-recommends         software-properties-common         curl         sudo         python3-pip         ffmpeg         libsm6         libxext6         libgl1     && if [ ! -z ${DEADSNAKES_MIRROR_URL} ] ; then         if [ ! -z "${DEADSNAKES_GPGKEY_URL}" ] ; then             mkdir -p -m 0755 /etc/apt/keyrings ;             curl -L ${DEADSNAKES_GPGKEY_URL} | gpg --dearmor > /etc/apt/keyrings/deadsnakes.gpg ;             sudo chmod 644 /etc/apt/keyrings/deadsnakes.gpg ;             echo "deb [signed-by=/etc/apt/keyrings/deadsnakes.gpg] ${DEADSNAKES_MIRROR_URL} $(lsb_release -cs) main" > /etc/apt/sources.list.d/deadsnakes.list ;         fi ;     else         for i in 1 2 3; do             add-apt-repository -y ppa:deadsnakes/ppa && break ||             { echo "Attempt $i failed, retrying in 5s..."; sleep 5; };         done ;     fi     && apt-get update -y     && apt-get install -y --no-install-recommends         python3.12         python3.12-dev         python3.12-venv         libibverbs-dev     && rm -rf /var/lib/apt/lists/*     && update-alternatives --install /usr/bin/python3 python3 /usr/bin/python3.12 1     && update-alternatives --set python3 /usr/bin/python3.12     && ln -sf /usr/bin/python3.12-config /usr/bin/python3-config     && curl -sS https://bootstrap.pypa.io/get-pip.py | python3.12     && python3 --version && python3 -m pip --version
#10 287.9 Selecting previously unselected package libusb-1.0-0:arm64.
#10 287.9 Preparing to unpack .../036-libusb-1.0-0_2%3a1.0.25-1ubuntu2_arm64.deb ...
#10 287.9 Unpacking libusb-1.0-0:arm64 (2:1.0.25-1ubuntu2) ...
#10 288.1 Selecting previously unselected package libxau6:arm64.
#10 288.1 Preparing to unpack .../037-libxau6_1%3a1.0.9-1build5_arm64.deb ...
#10 288.2 Unpacking libxau6:arm64 (1:1.0.9-1build5) ...
#10 288.4 Selecting previously unselected package libxdmcp6:arm64.
#10 288.4 Preparing to unpack .../038-libxdmcp6_1%3a1.1.3-0ubuntu5_arm64.deb ...
#10 288.4 Unpacking libxdmcp6:arm64 (1:1.1.3-0ubuntu5) ...
#10 288.6 Selecting previously unselected package libxcb1:arm64.
#10 288.6 Preparing to unpack .../039-libxcb1_1.14-3ubuntu3_arm64.deb ...
#10 288.6 Unpacking libxcb1:arm64 (1.14-3ubuntu3) ...
#10 288.8 Selecting previously unselected package libx11-data.
#10 288.8 Preparing to unpack .../040-libx11-data_2%3a1.7.5-1ubuntu0.3_all.deb ...
#10 288.9 Unpacking libx11-data (2:1.7.5-1ubuntu0.3) ...
#10 289.1 Selecting previously unselected package libx11-6:arm64.
#10 289.1 Preparing to unpack .../041-libx11-6_2%3a1.7.5-1ubuntu0.3_arm64.deb ...
#10 289.1 Unpacking libx11-6:arm64 (2:1.7.5-1ubuntu0.3) ...
#10 289.4 Selecting previously unselected package libxext6:arm64.
#10 289.4 Preparing to unpack .../042-libxext6_2%3a1.3.4-1build1_arm64.deb ...
#10 289.4 Unpacking libxext6:arm64 (2:1.3.4-1build1) ...
#10 289.6 Selecting previously unselected package libbrotli1:arm64.
#10 289.6 Preparing to unpack .../043-libbrotli1_1.0.9-2build6_arm64.deb ...
#10 289.6 Unpacking libbrotli1:arm64 (1.0.9-2build6) ...
#10 289.9 Selecting previously unselected package librtmp1:arm64.
#10 289.9 Preparing to unpack .../044-librtmp1_2.4+20151223.gitfa8646d.1-2build4_arm64.deb ...
#10 289.9 Unpacking librtmp1:arm64 (2.4+20151223.gitfa8646d.1-2build4) ...
#10 290.1 Selecting previously unselected package libssh-4:arm64.
#10 290.1 Preparing to unpack .../045-libssh-4_0.9.6-2ubuntu0.22.04.5_arm64.deb ...
#10 290.1 Unpacking libssh-4:arm64 (0.9.6-2ubuntu0.22.04.5) ...
#10 290.3 Selecting previously unselected package libcurl4:arm64.
#10 290.3 Preparing to unpack .../046-libcurl4_7.81.0-1ubuntu1.21_arm64.deb ...
#10 290.3 Unpacking libcurl4:arm64 (7.81.0-1ubuntu1.21) ...
#10 290.6 Selecting previously unselected package curl.
#10 290.6 Preparing to unpack .../047-curl_7.81.0-1ubuntu1.21_arm64.deb ...
#10 290.6 Unpacking curl (7.81.0-1ubuntu1.21) ...
#10 290.8 Selecting previously unselected package libaom3:arm64.
#10 290.8 Preparing to unpack .../048-libaom3_3.3.0-1ubuntu0.1_arm64.deb ...
#10 290.8 Unpacking libaom3:arm64 (3.3.0-1ubuntu0.1) ...
#10 291.1 Selecting previously unselected package libva2:arm64.
#10 291.1 Preparing to unpack .../049-libva2_2.14.0-1_arm64.deb ...
#10 291.1 Unpacking libva2:arm64 (2.14.0-1) ...
#10 291.3 Selecting previously unselected package libva-drm2:arm64.
#10 291.3 Preparing to unpack .../050-libva-drm2_2.14.0-1_arm64.deb ...
#10 291.3 Unpacking libva-drm2:arm64 (2.14.0-1) ...
#10 291.6 Selecting previously unselected package libxfixes3:arm64.
#10 291.6 Preparing to unpack .../051-libxfixes3_1%3a6.0.0-1_arm64.deb ...
#10 291.6 Unpacking libxfixes3:arm64 (1:6.0.0-1) ...
#10 291.8 Selecting previously unselected package libva-x11-2:arm64.
#10 291.8 Preparing to unpack .../052-libva-x11-2_2.14.0-1_arm64.deb ...
#10 291.8 Unpacking libva-x11-2:arm64 (2.14.0-1) ...
#10 292.0 Selecting previously unselected package libvdpau1:arm64.
#10 292.0 Preparing to unpack .../053-libvdpau1_1.4-3build2_arm64.deb ...
#10 292.0 Unpacking libvdpau1:arm64 (1.4-3build2) ...
#10 292.2 Selecting previously unselected package ocl-icd-libopencl1:arm64.
#10 292.2 Preparing to unpack .../054-ocl-icd-libopencl1_2.2.14-3_arm64.deb ...
#10 292.2 Unpacking ocl-icd-libopencl1:arm64 (2.2.14-3) ...
#10 292.5 Selecting previously unselected package libavutil56:arm64.
#10 292.5 Preparing to unpack .../055-libavutil56_7%3a4.4.2-0ubuntu0.22.04.1_arm64.deb ...
#10 292.5 Unpacking libavutil56:arm64 (7:4.4.2-0ubuntu0.22.04.1) ...
#10 292.7 Selecting previously unselected package libfreetype6:arm64.
#10 292.7 Preparing to unpack .../056-libfreetype6_2.11.1+dfsg-1ubuntu0.3_arm64.deb ...
#10 292.7 Unpacking libfreetype6:arm64 (2.11.1+dfsg-1ubuntu0.3) ...
#10 292.9 Selecting previously unselected package fonts-dejavu-core.
#10 292.9 Preparing to unpack .../057-fonts-dejavu-core_2.37-2build1_all.deb ...
#10 293.0 Unpacking fonts-dejavu-core (2.37-2build1) ...
#10 293.5 Selecting previously unselected package fontconfig-config.
#10 293.5 Preparing to unpack .../058-fontconfig-config_2.13.1-4.2ubuntu5_all.deb ...
#10 293.6 Unpacking fontconfig-config (2.13.1-4.2ubuntu5) ...
#10 293.8 Selecting previously unselected package libfontconfig1:arm64.
#10 293.8 Preparing to unpack .../059-libfontconfig1_2.13.1-4.2ubuntu5_arm64.deb ...
#10 293.8 Unpacking libfontconfig1:arm64 (2.13.1-4.2ubuntu5) ...
#10 294.0 Selecting previously unselected package libpixman-1-0:arm64.
#10 294.0 Preparing to unpack .../060-libpixman-1-0_0.40.0-1ubuntu0.22.04.1_arm64.deb ...
#10 294.1 Unpacking libpixman-1-0:arm64 (0.40.0-1ubuntu0.22.04.1) ...
#10 294.3 Selecting previously unselected package libxcb-render0:arm64.
#10 294.3 Preparing to unpack .../061-libxcb-render0_1.14-3ubuntu3_arm64.deb ...
#10 294.3 Unpacking libxcb-render0:arm64 (1.14-3ubuntu3) ...
#10 294.5 Selecting previously unselected package libxcb-shm0:arm64.
#10 294.5 Preparing to unpack .../062-libxcb-shm0_1.14-3ubuntu3_arm64.deb ...
#10 294.5 Unpacking libxcb-shm0:arm64 (1.14-3ubuntu3) ...
#10 294.8 Selecting previously unselected package libxrender1:arm64.
#10 294.8 Preparing to unpack .../063-libxrender1_1%3a0.9.10-1build4_arm64.deb ...
#10 294.8 Unpacking libxrender1:arm64 (1:0.9.10-1build4) ...
#10 295.0 Selecting previously unselected package libcairo2:arm64.
#10 295.0 Preparing to unpack .../064-libcairo2_1.16.0-5ubuntu2_arm64.deb ...
#10 295.0 Unpacking libcairo2:arm64 (1.16.0-5ubuntu2) ...
#10 295.3 Selecting previously unselected package libcodec2-1.0:arm64.
#10 295.3 Preparing to unpack .../065-libcodec2-1.0_1.0.1-3_arm64.deb ...
#10 295.3 Unpacking libcodec2-1.0:arm64 (1.0.1-3) ...
#10 295.6 Selecting previously unselected package libdav1d5:arm64.
#10 295.6 Preparing to unpack .../066-libdav1d5_0.9.2-1_arm64.deb ...
#10 295.6 Unpacking libdav1d5:arm64 (0.9.2-1) ...
#10 295.9 Selecting previously unselected package libgsm1:arm64.
#10 295.9 Preparing to unpack .../067-libgsm1_1.0.19-1_arm64.deb ...
#10 295.9 Unpacking libgsm1:arm64 (1.0.19-1) ...
#10 296.1 Selecting previously unselected package libmp3lame0:arm64.
#10 296.1 Preparing to unpack .../068-libmp3lame0_3.100-3build2_arm64.deb ...
#10 296.1 Unpacking libmp3lame0:arm64 (3.100-3build2) ...
#10 296.3 Selecting previously unselected package libopenjp2-7:arm64.
#10 296.3 Preparing to unpack .../069-libopenjp2-7_2.4.0-6ubuntu0.4_arm64.deb ...
#10 296.3 Unpacking libopenjp2-7:arm64 (2.4.0-6ubuntu0.4) ...
#10 296.6 Selecting previously unselected package libopus0:arm64.
#10 296.6 Preparing to unpack .../070-libopus0_1.3.1-0.1build2_arm64.deb ...
#10 296.6 Unpacking libopus0:arm64 (1.3.1-0.1build2) ...
#10 296.8 Selecting previously unselected package libcairo-gobject2:arm64.
#10 296.8 Preparing to unpack .../071-libcairo-gobject2_1.16.0-5ubuntu2_arm64.deb ...
#10 296.8 Unpacking libcairo-gobject2:arm64 (1.16.0-5ubuntu2) ...
#10 297.0 Selecting previously unselected package libgdk-pixbuf2.0-common.
#10 297.0 Preparing to unpack .../072-libgdk-pixbuf2.0-common_2.42.8+dfsg-1ubuntu0.4_all.deb ...
#10 297.1 Unpacking libgdk-pixbuf2.0-common (2.42.8+dfsg-1ubuntu0.4) ...
#10 297.3 Selecting previously unselected package libjpeg-turbo8:arm64.
#10 297.3 Preparing to unpack .../073-libjpeg-turbo8_2.1.2-0ubuntu1_arm64.deb ...
#10 297.4 Unpacking libjpeg-turbo8:arm64 (2.1.2-0ubuntu1) ...
#10 297.6 Selecting previously unselected package libjpeg8:arm64.
#10 297.6 Preparing to unpack .../074-libjpeg8_8c-2ubuntu10_arm64.deb ...
#10 297.6 Unpacking libjpeg8:arm64 (8c-2ubuntu10) ...
#10 297.8 Selecting previously unselected package libdeflate0:arm64.
#10 297.8 Preparing to unpack .../075-libdeflate0_1.10-2_arm64.deb ...
#10 297.8 Unpacking libdeflate0:arm64 (1.10-2) ...
#10 298.1 Selecting previously unselected package libjbig0:arm64.
#10 ...

#9 [vllm_chat base 1/8] FROM docker.io/nvidia/cuda:12.9.1-devel-ubuntu20.04@sha256:006428494316cab0cc7c62784d91d28b8f2163dde80db2de66434cfc1bf6eac0
#9 sha256:55ed784654146928b647b823eb30b13fa77fee75397f535dd44f47e1b06a5324 527.43MB / 2.82GB 297.9s
#9 sha256:28a8250ccb3ce5ce383dfa2aef68181b89655711eb86f5b343c73f51432d8e16 521.14MB / 2.25GB 301.3s
#9 sha256:55ed784654146928b647b823eb30b13fa77fee75397f535dd44f47e1b06a5324 536.87MB / 2.82GB 303.0s
#9 sha256:28a8250ccb3ce5ce383dfa2aef68181b89655711eb86f5b343c73f51432d8e16 530.58MB / 2.25GB 306.4s
#9 sha256:55ed784654146928b647b823eb30b13fa77fee75397f535dd44f47e1b06a5324 546.31MB / 2.82GB 310.0s
#9 ...

#10 [vllm_chat vllm-base  4/16] RUN echo 'tzdata tzdata/Areas select America' | debconf-set-selections     && echo 'tzdata tzdata/Zones/America select Los_Angeles' | debconf-set-selections     && apt-get update -y     && apt-get install -y --no-install-recommends         software-properties-common         curl         sudo         python3-pip         ffmpeg         libsm6         libxext6         libgl1     && if [ ! -z ${DEADSNAKES_MIRROR_URL} ] ; then         if [ ! -z "${DEADSNAKES_GPGKEY_URL}" ] ; then             mkdir -p -m 0755 /etc/apt/keyrings ;             curl -L ${DEADSNAKES_GPGKEY_URL} | gpg --dearmor > /etc/apt/keyrings/deadsnakes.gpg ;             sudo chmod 644 /etc/apt/keyrings/deadsnakes.gpg ;             echo "deb [signed-by=/etc/apt/keyrings/deadsnakes.gpg] ${DEADSNAKES_MIRROR_URL} $(lsb_release -cs) main" > /etc/apt/sources.list.d/deadsnakes.list ;         fi ;     else         for i in 1 2 3; do             add-apt-repository -y ppa:deadsnakes/ppa && break ||             { echo "Attempt $i failed, retrying in 5s..."; sleep 5; };         done ;     fi     && apt-get update -y     && apt-get install -y --no-install-recommends         python3.12         python3.12-dev         python3.12-venv         libibverbs-dev     && rm -rf /var/lib/apt/lists/*     && update-alternatives --install /usr/bin/python3 python3 /usr/bin/python3.12 1     && update-alternatives --set python3 /usr/bin/python3.12     && ln -sf /usr/bin/python3.12-config /usr/bin/python3-config     && curl -sS https://bootstrap.pypa.io/get-pip.py | python3.12     && python3 --version && python3 -m pip --version
#10 298.1 Preparing to unpack .../076-libjbig0_2.1-3.1ubuntu0.22.04.1_arm64.deb ...
#10 298.1 Unpacking libjbig0:arm64 (2.1-3.1ubuntu0.22.04.1) ...
#10 298.3 Selecting previously unselected package libwebp7:arm64.
#10 298.3 Preparing to unpack .../077-libwebp7_1.2.2-2ubuntu0.22.04.2_arm64.deb ...
#10 298.3 Unpacking libwebp7:arm64 (1.2.2-2ubuntu0.22.04.2) ...
#10 298.5 Selecting previously unselected package libtiff5:arm64.
#10 298.5 Preparing to unpack .../078-libtiff5_4.3.0-6ubuntu0.12_arm64.deb ...
#10 298.5 Unpacking libtiff5:arm64 (4.3.0-6ubuntu0.12) ...
#10 298.8 Selecting previously unselected package libgdk-pixbuf-2.0-0:arm64.
#10 298.8 Preparing to unpack .../079-libgdk-pixbuf-2.0-0_2.42.8+dfsg-1ubuntu0.4_arm64.deb ...
#10 298.8 Unpacking libgdk-pixbuf-2.0-0:arm64 (2.42.8+dfsg-1ubuntu0.4) ...
#10 299.0 Selecting previously unselected package fontconfig.
#10 299.0 Preparing to unpack .../080-fontconfig_2.13.1-4.2ubuntu5_arm64.deb ...
#10 299.0 Unpacking fontconfig (2.13.1-4.2ubuntu5) ...
#10 299.3 Selecting previously unselected package libgraphite2-3:arm64.
#10 299.3 Preparing to unpack .../081-libgraphite2-3_1.3.14-1build2_arm64.deb ...
#10 299.3 Unpacking libgraphite2-3:arm64 (1.3.14-1build2) ...
#10 299.5 Selecting previously unselected package libharfbuzz0b:arm64.
#10 299.5 Preparing to unpack .../082-libharfbuzz0b_2.7.4-1ubuntu3.2_arm64.deb ...
#10 299.5 Unpacking libharfbuzz0b:arm64 (2.7.4-1ubuntu3.2) ...
#10 299.7 Selecting previously unselected package libthai-data.
#10 299.8 Preparing to unpack .../083-libthai-data_0.1.29-1build1_all.deb ...
#10 299.8 Unpacking libthai-data (0.1.29-1build1) ...
#10 300.0 Selecting previously unselected package libdatrie1:arm64.
#10 300.0 Preparing to unpack .../084-libdatrie1_0.2.13-2_arm64.deb ...
#10 300.0 Unpacking libdatrie1:arm64 (0.2.13-2) ...
#10 300.2 Selecting previously unselected package libthai0:arm64.
#10 300.2 Preparing to unpack .../085-libthai0_0.1.29-1build1_arm64.deb ...
#10 300.2 Unpacking libthai0:arm64 (0.1.29-1build1) ...
#10 300.5 Selecting previously unselected package libpango-1.0-0:arm64.
#10 300.5 Preparing to unpack .../086-libpango-1.0-0_1.50.6+ds-2ubuntu1_arm64.deb ...
#10 300.5 Unpacking libpango-1.0-0:arm64 (1.50.6+ds-2ubuntu1) ...
#10 300.7 Selecting previously unselected package libpangoft2-1.0-0:arm64.
#10 300.7 Preparing to unpack .../087-libpangoft2-1.0-0_1.50.6+ds-2ubuntu1_arm64.deb ...
#10 300.7 Unpacking libpangoft2-1.0-0:arm64 (1.50.6+ds-2ubuntu1) ...
#10 300.9 Selecting previously unselected package libpangocairo-1.0-0:arm64.
#10 300.9 Preparing to unpack .../088-libpangocairo-1.0-0_1.50.6+ds-2ubuntu1_arm64.deb ...
#10 300.9 Unpacking libpangocairo-1.0-0:arm64 (1.50.6+ds-2ubuntu1) ...
#10 301.2 Selecting previously unselected package librsvg2-2:arm64.
#10 301.2 Preparing to unpack .../089-librsvg2-2_2.52.5+dfsg-3ubuntu0.2_arm64.deb ...
#10 301.2 Unpacking librsvg2-2:arm64 (2.52.5+dfsg-3ubuntu0.2) ...
#10 301.6 Selecting previously unselected package libshine3:arm64.
#10 301.6 Preparing to unpack .../090-libshine3_3.1.1-2_arm64.deb ...
#10 301.6 Unpacking libshine3:arm64 (3.1.1-2) ...
#10 301.8 Selecting previously unselected package libsnappy1v5:arm64.
#10 301.8 Preparing to unpack .../091-libsnappy1v5_1.1.8-1build3_arm64.deb ...
#10 301.8 Unpacking libsnappy1v5:arm64 (1.1.8-1build3) ...
#10 302.0 Selecting previously unselected package libspeex1:arm64.
#10 302.0 Preparing to unpack .../092-libspeex1_1.2~rc1.2-1.1ubuntu3_arm64.deb ...
#10 302.1 Unpacking libspeex1:arm64 (1.2~rc1.2-1.1ubuntu3) ...
#10 302.3 Selecting previously unselected package libgomp1:arm64.
#10 302.3 Preparing to unpack .../093-libgomp1_12.3.0-1ubuntu1~22.04.2_arm64.deb ...
#10 302.3 Unpacking libgomp1:arm64 (12.3.0-1ubuntu1~22.04.2) ...
#10 302.5 Selecting previously unselected package libsoxr0:arm64.
#10 302.5 Preparing to unpack .../094-libsoxr0_0.1.3-4build2_arm64.deb ...
#10 302.6 Unpacking libsoxr0:arm64 (0.1.3-4build2) ...
#10 302.8 Selecting previously unselected package libswresample3:arm64.
#10 302.8 Preparing to unpack .../095-libswresample3_7%3a4.4.2-0ubuntu0.22.04.1_arm64.deb ...
#10 302.8 Unpacking libswresample3:arm64 (7:4.4.2-0ubuntu0.22.04.1) ...
#10 303.0 Selecting previously unselected package libogg0:arm64.
#10 303.0 Preparing to unpack .../096-libogg0_1.3.5-0ubuntu3_arm64.deb ...
#10 303.0 Unpacking libogg0:arm64 (1.3.5-0ubuntu3) ...
#10 303.3 Selecting previously unselected package libtheora0:arm64.
#10 303.3 Preparing to unpack .../097-libtheora0_1.1.1+dfsg.1-15ubuntu4_arm64.deb ...
#10 303.3 Unpacking libtheora0:arm64 (1.1.1+dfsg.1-15ubuntu4) ...
#10 303.5 Selecting previously unselected package libtwolame0:arm64.
#10 303.5 Preparing to unpack .../098-libtwolame0_0.4.0-2build2_arm64.deb ...
#10 303.5 Unpacking libtwolame0:arm64 (0.4.0-2build2) ...
#10 303.8 Selecting previously unselected package libvorbis0a:arm64.
#10 303.8 Preparing to unpack .../099-libvorbis0a_1.3.7-1build2_arm64.deb ...
#10 303.8 Unpacking libvorbis0a:arm64 (1.3.7-1build2) ...
#10 304.0 Selecting previously unselected package libvorbisenc2:arm64.
#10 304.0 Preparing to unpack .../100-libvorbisenc2_1.3.7-1build2_arm64.deb ...
#10 304.0 Unpacking libvorbisenc2:arm64 (1.3.7-1build2) ...
#10 304.3 Selecting previously unselected package libvpx7:arm64.
#10 304.3 Preparing to unpack .../101-libvpx7_1.11.0-2ubuntu2.4_arm64.deb ...
#10 304.3 Unpacking libvpx7:arm64 (1.11.0-2ubuntu2.4) ...
#10 304.6 Selecting previously unselected package libwebpmux3:arm64.
#10 304.6 Preparing to unpack .../102-libwebpmux3_1.2.2-2ubuntu0.22.04.2_arm64.deb ...
#10 304.6 Unpacking libwebpmux3:arm64 (1.2.2-2ubuntu0.22.04.2) ...
#10 304.8 Selecting previously unselected package libx264-163:arm64.
#10 304.8 Preparing to unpack .../103-libx264-163_2%3a0.163.3060+git5db6aa6-2build1_arm64.deb ...
#10 304.8 Unpacking libx264-163:arm64 (2:0.163.3060+git5db6aa6-2build1) ...
#10 305.0 Selecting previously unselected package libx265-199:arm64.
#10 305.1 Preparing to unpack .../104-libx265-199_3.5-2_arm64.deb ...
#10 305.1 Unpacking libx265-199:arm64 (3.5-2) ...
#10 305.3 Selecting previously unselected package libxvidcore4:arm64.
#10 305.3 Preparing to unpack .../105-libxvidcore4_2%3a1.3.7-1_arm64.deb ...
#10 305.3 Unpacking libxvidcore4:arm64 (2:1.3.7-1) ...
#10 305.6 Selecting previously unselected package libzvbi-common.
#10 305.6 Preparing to unpack .../106-libzvbi-common_0.2.35-19_all.deb ...
#10 305.6 Unpacking libzvbi-common (0.2.35-19) ...
#10 305.9 Selecting previously unselected package libzvbi0:arm64.
#10 305.9 Preparing to unpack .../107-libzvbi0_0.2.35-19_arm64.deb ...
#10 305.9 Unpacking libzvbi0:arm64 (0.2.35-19) ...
#10 306.1 Selecting previously unselected package libavcodec58:arm64.
#10 306.1 Preparing to unpack .../108-libavcodec58_7%3a4.4.2-0ubuntu0.22.04.1_arm64.deb ...
#10 306.2 Unpacking libavcodec58:arm64 (7:4.4.2-0ubuntu0.22.04.1) ...
#10 306.6 Selecting previously unselected package libasound2-data.
#10 306.6 Preparing to unpack .../109-libasound2-data_1.2.6.1-1ubuntu1_all.deb ...
#10 306.6 Unpacking libasound2-data (1.2.6.1-1ubuntu1) ...
#10 306.9 Selecting previously unselected package libasound2:arm64.
#10 306.9 Preparing to unpack .../110-libasound2_1.2.6.1-1ubuntu1_arm64.deb ...
#10 306.9 Unpacking libasound2:arm64 (1.2.6.1-1ubuntu1) ...
#10 307.1 Selecting previously unselected package libraw1394-11:arm64.
#10 307.1 Preparing to unpack .../111-libraw1394-11_2.1.2-2build2_arm64.deb ...
#10 307.1 Unpacking libraw1394-11:arm64 (2.1.2-2build2) ...
#10 307.4 Selecting previously unselected package libavc1394-0:arm64.
#10 307.4 Preparing to unpack .../112-libavc1394-0_0.5.4-5build2_arm64.deb ...
#10 307.4 Unpacking libavc1394-0:arm64 (0.5.4-5build2) ...
#10 307.6 Selecting previously unselected package libass9:arm64.
#10 307.6 Preparing to unpack .../113-libass9_1%3a0.15.2-1_arm64.deb ...
#10 307.6 Unpacking libass9:arm64 (1:0.15.2-1) ...
#10 310.4 Selecting previously unselected package libudfread0:arm64.
#10 310.4 Preparing to unpack .../114-libudfread0_1.1.2-1_arm64.deb ...
#10 310.4 Unpacking libudfread0:arm64 (1.1.2-1) ...
#10 310.7 Selecting previously unselected package libbluray2:arm64.
#10 310.7 Preparing to unpack .../115-libbluray2_1%3a1.3.1-1_arm64.deb ...
#10 310.7 Unpacking libbluray2:arm64 (1:1.3.1-1) ...
#10 ...

#9 [vllm_chat base 1/8] FROM docker.io/nvidia/cuda:12.9.1-devel-ubuntu20.04@sha256:006428494316cab0cc7c62784d91d28b8f2163dde80db2de66434cfc1bf6eac0
#9 sha256:28a8250ccb3ce5ce383dfa2aef68181b89655711eb86f5b343c73f51432d8e16 534.77MB / 2.25GB 311.5s
#9 sha256:55ed784654146928b647b823eb30b13fa77fee75397f535dd44f47e1b06a5324 555.75MB / 2.82GB 315.1s
#9 sha256:28a8250ccb3ce5ce383dfa2aef68181b89655711eb86f5b343c73f51432d8e16 544.21MB / 2.25GB 316.6s
#9 sha256:55ed784654146928b647b823eb30b13fa77fee75397f535dd44f47e1b06a5324 565.18MB / 2.82GB 320.2s
#9 ...

#10 [vllm_chat vllm-base  4/16] RUN echo 'tzdata tzdata/Areas select America' | debconf-set-selections     && echo 'tzdata tzdata/Zones/America select Los_Angeles' | debconf-set-selections     && apt-get update -y     && apt-get install -y --no-install-recommends         software-properties-common         curl         sudo         python3-pip         ffmpeg         libsm6         libxext6         libgl1     && if [ ! -z ${DEADSNAKES_MIRROR_URL} ] ; then         if [ ! -z "${DEADSNAKES_GPGKEY_URL}" ] ; then             mkdir -p -m 0755 /etc/apt/keyrings ;             curl -L ${DEADSNAKES_GPGKEY_URL} | gpg --dearmor > /etc/apt/keyrings/deadsnakes.gpg ;             sudo chmod 644 /etc/apt/keyrings/deadsnakes.gpg ;             echo "deb [signed-by=/etc/apt/keyrings/deadsnakes.gpg] ${DEADSNAKES_MIRROR_URL} $(lsb_release -cs) main" > /etc/apt/sources.list.d/deadsnakes.list ;         fi ;     else         for i in 1 2 3; do             add-apt-repository -y ppa:deadsnakes/ppa && break ||             { echo "Attempt $i failed, retrying in 5s..."; sleep 5; };         done ;     fi     && apt-get update -y     && apt-get install -y --no-install-recommends         python3.12         python3.12-dev         python3.12-venv         libibverbs-dev     && rm -rf /var/lib/apt/lists/*     && update-alternatives --install /usr/bin/python3 python3 /usr/bin/python3.12 1     && update-alternatives --set python3 /usr/bin/python3.12     && ln -sf /usr/bin/python3.12-config /usr/bin/python3-config     && curl -sS https://bootstrap.pypa.io/get-pip.py | python3.12     && python3 --version && python3 -m pip --version
#10 310.9 Selecting previously unselected package libchromaprint1:arm64.
#10 310.9 Preparing to unpack .../116-libchromaprint1_1.5.1-2_arm64.deb ...
#10 310.9 Unpacking libchromaprint1:arm64 (1.5.1-2) ...
#10 311.1 Selecting previously unselected package libgme0:arm64.
#10 311.1 Preparing to unpack .../117-libgme0_0.6.3-2_arm64.deb ...
#10 311.1 Unpacking libgme0:arm64 (0.6.3-2) ...
#10 311.4 Selecting previously unselected package libmpg123-0:arm64.
#10 311.4 Preparing to unpack .../118-libmpg123-0_1.29.3-1ubuntu0.1_arm64.deb ...
#10 311.4 Unpacking libmpg123-0:arm64 (1.29.3-1ubuntu0.1) ...
#10 311.7 Selecting previously unselected package libvorbisfile3:arm64.
#10 311.7 Preparing to unpack .../119-libvorbisfile3_1.3.7-1build2_arm64.deb ...
#10 311.7 Unpacking libvorbisfile3:arm64 (1.3.7-1build2) ...
#10 311.9 Selecting previously unselected package libopenmpt0:arm64.
#10 311.9 Preparing to unpack .../120-libopenmpt0_0.6.1-1_arm64.deb ...
#10 311.9 Unpacking libopenmpt0:arm64 (0.6.1-1) ...
#10 312.2 Selecting previously unselected package librabbitmq4:arm64.
#10 312.2 Preparing to unpack .../121-librabbitmq4_0.10.0-1ubuntu2_arm64.deb ...
#10 312.2 Unpacking librabbitmq4:arm64 (0.10.0-1ubuntu2) ...
#10 312.4 Selecting previously unselected package libsrt1.4-gnutls:arm64.
#10 312.4 Preparing to unpack .../122-libsrt1.4-gnutls_1.4.4-4_arm64.deb ...
#10 312.4 Unpacking libsrt1.4-gnutls:arm64 (1.4.4-4) ...
#10 312.7 Selecting previously unselected package libssh-gcrypt-4:arm64.
#10 312.7 Preparing to unpack .../123-libssh-gcrypt-4_0.9.6-2ubuntu0.22.04.5_arm64.deb ...
#10 312.7 Unpacking libssh-gcrypt-4:arm64 (0.9.6-2ubuntu0.22.04.5) ...
#10 312.9 Selecting previously unselected package libnorm1:arm64.
#10 312.9 Preparing to unpack .../124-libnorm1_1.5.9+dfsg-2_arm64.deb ...
#10 312.9 Unpacking libnorm1:arm64 (1.5.9+dfsg-2) ...
#10 313.3 Selecting previously unselected package libpgm-5.3-0:arm64.
#10 313.3 Preparing to unpack .../125-libpgm-5.3-0_5.3.128~dfsg-2_arm64.deb ...
#10 313.3 Unpacking libpgm-5.3-0:arm64 (5.3.128~dfsg-2) ...
#10 313.6 Selecting previously unselected package libsodium23:arm64.
#10 313.6 Preparing to unpack .../126-libsodium23_1.0.18-1build2_arm64.deb ...
#10 313.6 Unpacking libsodium23:arm64 (1.0.18-1build2) ...
#10 313.8 Selecting previously unselected package libzmq5:arm64.
#10 313.8 Preparing to unpack .../127-libzmq5_4.3.4-2_arm64.deb ...
#10 313.8 Unpacking libzmq5:arm64 (4.3.4-2) ...
#10 314.1 Selecting previously unselected package libavformat58:arm64.
#10 314.1 Preparing to unpack .../128-libavformat58_7%3a4.4.2-0ubuntu0.22.04.1_arm64.deb ...
#10 314.1 Unpacking libavformat58:arm64 (7:4.4.2-0ubuntu0.22.04.1) ...
#10 314.3 Selecting previously unselected package libbs2b0:arm64.
#10 314.3 Preparing to unpack .../129-libbs2b0_3.1.0+dfsg-2.2build1_arm64.deb ...
#10 314.3 Unpacking libbs2b0:arm64 (3.1.0+dfsg-2.2build1) ...
#10 314.6 Selecting previously unselected package libflite1:arm64.
#10 314.6 Preparing to unpack .../130-libflite1_2.2-3_arm64.deb ...
#10 314.6 Unpacking libflite1:arm64 (2.2-3) ...
#10 315.2 Selecting previously unselected package libserd-0-0:arm64.
#10 315.2 Preparing to unpack .../131-libserd-0-0_0.30.10-2_arm64.deb ...
#10 315.2 Unpacking libserd-0-0:arm64 (0.30.10-2) ...
#10 315.5 Selecting previously unselected package libsord-0-0:arm64.
#10 315.5 Preparing to unpack .../132-libsord-0-0_0.16.8-2_arm64.deb ...
#10 315.5 Unpacking libsord-0-0:arm64 (0.16.8-2) ...
#10 315.7 Selecting previously unselected package libsratom-0-0:arm64.
#10 315.7 Preparing to unpack .../133-libsratom-0-0_0.6.8-1_arm64.deb ...
#10 315.7 Unpacking libsratom-0-0:arm64 (0.6.8-1) ...
#10 316.0 Selecting previously unselected package liblilv-0-0:arm64.
#10 316.0 Preparing to unpack .../134-liblilv-0-0_0.24.12-2_arm64.deb ...
#10 316.0 Unpacking liblilv-0-0:arm64 (0.24.12-2) ...
#10 316.2 Selecting previously unselected package libmysofa1:arm64.
#10 316.2 Preparing to unpack .../135-libmysofa1_1.2.1~dfsg0-1_arm64.deb ...
#10 316.2 Unpacking libmysofa1:arm64 (1.2.1~dfsg0-1) ...
#10 316.5 Selecting previously unselected package libblas3:arm64.
#10 316.5 Preparing to unpack .../136-libblas3_3.10.0-2ubuntu1_arm64.deb ...
#10 316.5 Unpacking libblas3:arm64 (3.10.0-2ubuntu1) ...
#10 316.8 Selecting previously unselected package libgfortran5:arm64.
#10 316.8 Preparing to unpack .../137-libgfortran5_12.3.0-1ubuntu1~22.04.2_arm64.deb ...
#10 316.8 Unpacking libgfortran5:arm64 (12.3.0-1ubuntu1~22.04.2) ...
#10 317.0 Selecting previously unselected package liblapack3:arm64.
#10 317.0 Preparing to unpack .../138-liblapack3_3.10.0-2ubuntu1_arm64.deb ...
#10 317.1 Unpacking liblapack3:arm64 (3.10.0-2ubuntu1) ...
#10 317.4 Selecting previously unselected package libasyncns0:arm64.
#10 317.4 Preparing to unpack .../139-libasyncns0_0.8-6build2_arm64.deb ...
#10 317.4 Unpacking libasyncns0:arm64 (0.8-6build2) ...
#10 317.6 Selecting previously unselected package libflac8:arm64.
#10 317.6 Preparing to unpack .../140-libflac8_1.3.3-2ubuntu0.2_arm64.deb ...
#10 317.6 Unpacking libflac8:arm64 (1.3.3-2ubuntu0.2) ...
#10 317.9 Selecting previously unselected package libsndfile1:arm64.
#10 317.9 Preparing to unpack .../141-libsndfile1_1.0.31-2ubuntu0.2_arm64.deb ...
#10 317.9 Unpacking libsndfile1:arm64 (1.0.31-2ubuntu0.2) ...
#10 318.1 Selecting previously unselected package libx11-xcb1:arm64.
#10 318.1 Preparing to unpack .../142-libx11-xcb1_2%3a1.7.5-1ubuntu0.3_arm64.deb ...
#10 318.1 Unpacking libx11-xcb1:arm64 (2:1.7.5-1ubuntu0.3) ...
#10 318.3 Selecting previously unselected package libpulse0:arm64.
#10 318.3 Preparing to unpack .../143-libpulse0_1%3a15.99.1+dfsg1-1ubuntu2.2_arm64.deb ...
#10 318.5 Unpacking libpulse0:arm64 (1:15.99.1+dfsg1-1ubuntu2.2) ...
#10 318.7 Selecting previously unselected package libsphinxbase3:arm64.
#10 318.7 Preparing to unpack .../144-libsphinxbase3_0.8+5prealpha+1-13build1_arm64.deb ...
#10 318.7 Unpacking libsphinxbase3:arm64 (0.8+5prealpha+1-13build1) ...
#10 319.0 Selecting previously unselected package libpocketsphinx3:arm64.
#10 319.0 Preparing to unpack .../145-libpocketsphinx3_0.8.0+real5prealpha+1-14ubuntu1_arm64.deb ...
#10 319.0 Unpacking libpocketsphinx3:arm64 (0.8.0+real5prealpha+1-14ubuntu1) ...
#10 319.2 Selecting previously unselected package libpostproc55:arm64.
#10 319.2 Preparing to unpack .../146-libpostproc55_7%3a4.4.2-0ubuntu0.22.04.1_arm64.deb ...
#10 319.2 Unpacking libpostproc55:arm64 (7:4.4.2-0ubuntu0.22.04.1) ...
#10 319.4 Selecting previously unselected package libsamplerate0:arm64.
#10 319.4 Preparing to unpack .../147-libsamplerate0_0.2.2-1build1_arm64.deb ...
#10 319.4 Unpacking libsamplerate0:arm64 (0.2.2-1build1) ...
#10 319.7 Selecting previously unselected package librubberband2:arm64.
#10 319.7 Preparing to unpack .../148-librubberband2_2.0.0-2_arm64.deb ...
#10 319.7 Unpacking librubberband2:arm64 (2.0.0-2) ...
#10 319.9 Selecting previously unselected package libswscale5:arm64.
#10 319.9 Preparing to unpack .../149-libswscale5_7%3a4.4.2-0ubuntu0.22.04.1_arm64.deb ...
#10 319.9 Unpacking libswscale5:arm64 (7:4.4.2-0ubuntu0.22.04.1) ...
#10 320.2 Selecting previously unselected package libvidstab1.1:arm64.
#10 320.2 Preparing to unpack .../150-libvidstab1.1_1.1.0-2_arm64.deb ...
#10 320.2 Unpacking libvidstab1.1:arm64 (1.1.0-2) ...
#10 320.4 Selecting previously unselected package libzimg2:arm64.
#10 320.4 Preparing to unpack .../151-libzimg2_3.0.3+ds1-1_arm64.deb ...
#10 320.4 Unpacking libzimg2:arm64 (3.0.3+ds1-1) ...
#10 320.7 Selecting previously unselected package libavfilter7:arm64.
#10 320.7 Preparing to unpack .../152-libavfilter7_7%3a4.4.2-0ubuntu0.22.04.1_arm64.deb ...
#10 320.7 Unpacking libavfilter7:arm64 (7:4.4.2-0ubuntu0.22.04.1) ...
#10 321.0 Selecting previously unselected package libcaca0:arm64.
#10 321.0 Preparing to unpack .../153-libcaca0_0.99.beta19-2.2ubuntu4_arm64.deb ...
#10 321.0 Unpacking libcaca0:arm64 (0.99.beta19-2.2ubuntu4) ...
#10 ...

#9 [vllm_chat base 1/8] FROM docker.io/nvidia/cuda:12.9.1-devel-ubuntu20.04@sha256:006428494316cab0cc7c62784d91d28b8f2163dde80db2de66434cfc1bf6eac0
#9 sha256:28a8250ccb3ce5ce383dfa2aef68181b89655711eb86f5b343c73f51432d8e16 553.65MB / 2.25GB 321.7s
#9 sha256:55ed784654146928b647b823eb30b13fa77fee75397f535dd44f47e1b06a5324 574.62MB / 2.82GB 325.3s
#9 sha256:28a8250ccb3ce5ce383dfa2aef68181b89655711eb86f5b343c73f51432d8e16 563.09MB / 2.25GB 326.8s
#9 sha256:55ed784654146928b647b823eb30b13fa77fee75397f535dd44f47e1b06a5324 584.06MB / 2.82GB 330.4s
#9 ...

#10 [vllm_chat vllm-base  4/16] RUN echo 'tzdata tzdata/Areas select America' | debconf-set-selections     && echo 'tzdata tzdata/Zones/America select Los_Angeles' | debconf-set-selections     && apt-get update -y     && apt-get install -y --no-install-recommends         software-properties-common         curl         sudo         python3-pip         ffmpeg         libsm6         libxext6         libgl1     && if [ ! -z ${DEADSNAKES_MIRROR_URL} ] ; then         if [ ! -z "${DEADSNAKES_GPGKEY_URL}" ] ; then             mkdir -p -m 0755 /etc/apt/keyrings ;             curl -L ${DEADSNAKES_GPGKEY_URL} | gpg --dearmor > /etc/apt/keyrings/deadsnakes.gpg ;             sudo chmod 644 /etc/apt/keyrings/deadsnakes.gpg ;             echo "deb [signed-by=/etc/apt/keyrings/deadsnakes.gpg] ${DEADSNAKES_MIRROR_URL} $(lsb_release -cs) main" > /etc/apt/sources.list.d/deadsnakes.list ;         fi ;     else         for i in 1 2 3; do             add-apt-repository -y ppa:deadsnakes/ppa && break ||             { echo "Attempt $i failed, retrying in 5s..."; sleep 5; };         done ;     fi     && apt-get update -y     && apt-get install -y --no-install-recommends         python3.12         python3.12-dev         python3.12-venv         libibverbs-dev     && rm -rf /var/lib/apt/lists/*     && update-alternatives --install /usr/bin/python3 python3 /usr/bin/python3.12 1     && update-alternatives --set python3 /usr/bin/python3.12     && ln -sf /usr/bin/python3.12-config /usr/bin/python3-config     && curl -sS https://bootstrap.pypa.io/get-pip.py | python3.12     && python3 --version && python3 -m pip --version
#10 321.2 Selecting previously unselected package libcdio19:arm64.
#10 321.2 Preparing to unpack .../154-libcdio19_2.1.0-3ubuntu0.2_arm64.deb ...
#10 321.2 Unpacking libcdio19:arm64 (2.1.0-3ubuntu0.2) ...
#10 321.4 Selecting previously unselected package libcdio-cdda2:arm64.
#10 321.4 Preparing to unpack .../155-libcdio-cdda2_10.2+2.0.0-1build3_arm64.deb ...
#10 321.5 Unpacking libcdio-cdda2:arm64 (10.2+2.0.0-1build3) ...
#10 321.7 Selecting previously unselected package libcdio-paranoia2:arm64.
#10 321.7 Preparing to unpack .../156-libcdio-paranoia2_10.2+2.0.0-1build3_arm64.deb ...
#10 321.7 Unpacking libcdio-paranoia2:arm64 (10.2+2.0.0-1build3) ...
#10 321.9 Selecting previously unselected package libdc1394-25:arm64.
#10 321.9 Preparing to unpack .../157-libdc1394-25_2.2.6-4_arm64.deb ...
#10 321.9 Unpacking libdc1394-25:arm64 (2.2.6-4) ...
#10 322.2 Selecting previously unselected package libglvnd0:arm64.
#10 322.2 Preparing to unpack .../158-libglvnd0_1.4.0-1_arm64.deb ...
#10 322.2 Unpacking libglvnd0:arm64 (1.4.0-1) ...
#10 322.4 Selecting previously unselected package libglapi-mesa:arm64.
#10 322.4 Preparing to unpack .../159-libglapi-mesa_23.2.1-1ubuntu3.1~22.04.3_arm64.deb ...
#10 322.4 Unpacking libglapi-mesa:arm64 (23.2.1-1ubuntu3.1~22.04.3) ...
#10 322.7 Selecting previously unselected package libxcb-dri2-0:arm64.
#10 322.7 Preparing to unpack .../160-libxcb-dri2-0_1.14-3ubuntu3_arm64.deb ...
#10 322.7 Unpacking libxcb-dri2-0:arm64 (1.14-3ubuntu3) ...
#10 322.9 Selecting previously unselected package libxcb-dri3-0:arm64.
#10 322.9 Preparing to unpack .../161-libxcb-dri3-0_1.14-3ubuntu3_arm64.deb ...
#10 322.9 Unpacking libxcb-dri3-0:arm64 (1.14-3ubuntu3) ...
#10 323.1 Selecting previously unselected package libxcb-glx0:arm64.
#10 323.1 Preparing to unpack .../162-libxcb-glx0_1.14-3ubuntu3_arm64.deb ...
#10 323.1 Unpacking libxcb-glx0:arm64 (1.14-3ubuntu3) ...
#10 323.4 Selecting previously unselected package libxcb-present0:arm64.
#10 323.4 Preparing to unpack .../163-libxcb-present0_1.14-3ubuntu3_arm64.deb ...
#10 323.4 Unpacking libxcb-present0:arm64 (1.14-3ubuntu3) ...
#10 323.6 Selecting previously unselected package libxcb-randr0:arm64.
#10 323.6 Preparing to unpack .../164-libxcb-randr0_1.14-3ubuntu3_arm64.deb ...
#10 323.6 Unpacking libxcb-randr0:arm64 (1.14-3ubuntu3) ...
#10 323.9 Selecting previously unselected package libxcb-sync1:arm64.
#10 323.9 Preparing to unpack .../165-libxcb-sync1_1.14-3ubuntu3_arm64.deb ...
#10 323.9 Unpacking libxcb-sync1:arm64 (1.14-3ubuntu3) ...
#10 324.1 Selecting previously unselected package libxcb-xfixes0:arm64.
#10 324.1 Preparing to unpack .../166-libxcb-xfixes0_1.14-3ubuntu3_arm64.deb ...
#10 324.1 Unpacking libxcb-xfixes0:arm64 (1.14-3ubuntu3) ...
#10 324.3 Selecting previously unselected package libxshmfence1:arm64.
#10 324.3 Preparing to unpack .../167-libxshmfence1_1.3-1build4_arm64.deb ...
#10 324.4 Unpacking libxshmfence1:arm64 (1.3-1build4) ...
#10 324.6 Selecting previously unselected package libxxf86vm1:arm64.
#10 324.6 Preparing to unpack .../168-libxxf86vm1_1%3a1.1.4-1build3_arm64.deb ...
#10 324.6 Unpacking libxxf86vm1:arm64 (1:1.1.4-1build3) ...
#10 324.8 Selecting previously unselected package libdrm-amdgpu1:arm64.
#10 324.8 Preparing to unpack .../169-libdrm-amdgpu1_2.4.113-2~ubuntu0.22.04.1_arm64.deb ...
#10 324.8 Unpacking libdrm-amdgpu1:arm64 (2.4.113-2~ubuntu0.22.04.1) ...
#10 325.1 Selecting previously unselected package libdrm-nouveau2:arm64.
#10 325.1 Preparing to unpack .../170-libdrm-nouveau2_2.4.113-2~ubuntu0.22.04.1_arm64.deb ...
#10 325.1 Unpacking libdrm-nouveau2:arm64 (2.4.113-2~ubuntu0.22.04.1) ...
#10 325.3 Selecting previously unselected package libdrm-radeon1:arm64.
#10 325.3 Preparing to unpack .../171-libdrm-radeon1_2.4.113-2~ubuntu0.22.04.1_arm64.deb ...
#10 325.3 Unpacking libdrm-radeon1:arm64 (2.4.113-2~ubuntu0.22.04.1) ...
#10 325.6 Selecting previously unselected package libllvm15:arm64.
#10 325.6 Preparing to unpack .../172-libllvm15_1%3a15.0.7-0ubuntu0.22.04.3_arm64.deb ...
#10 325.6 Unpacking libllvm15:arm64 (1:15.0.7-0ubuntu0.22.04.3) ...
#10 327.8 Selecting previously unselected package libsensors-config.
#10 327.8 Preparing to unpack .../173-libsensors-config_1%3a3.6.0-7ubuntu1_all.deb ...
#10 327.9 Unpacking libsensors-config (1:3.6.0-7ubuntu1) ...
#10 328.5 Selecting previously unselected package libsensors5:arm64.
#10 328.5 Preparing to unpack .../174-libsensors5_1%3a3.6.0-7ubuntu1_arm64.deb ...
#10 329.2 Unpacking libsensors5:arm64 (1:3.6.0-7ubuntu1) ...
#10 329.8 Selecting previously unselected package libgl1-mesa-dri:arm64.
#10 329.8 Preparing to unpack .../175-libgl1-mesa-dri_23.2.1-1ubuntu3.1~22.04.3_arm64.deb ...
#10 330.0 Unpacking libgl1-mesa-dri:arm64 (23.2.1-1ubuntu3.1~22.04.3) ...
#10 331.2 Selecting previously unselected package libglx-mesa0:arm64.
#10 331.2 Preparing to unpack .../176-libglx-mesa0_23.2.1-1ubuntu3.1~22.04.3_arm64.deb ...
#10 331.3 Unpacking libglx-mesa0:arm64 (23.2.1-1ubuntu3.1~22.04.3) ...
#10 ...

#9 [vllm_chat base 1/8] FROM docker.io/nvidia/cuda:12.9.1-devel-ubuntu20.04@sha256:006428494316cab0cc7c62784d91d28b8f2163dde80db2de66434cfc1bf6eac0
#9 sha256:28a8250ccb3ce5ce383dfa2aef68181b89655711eb86f5b343c73f51432d8e16 574.62MB / 2.25GB 331.9s
#9 sha256:55ed784654146928b647b823eb30b13fa77fee75397f535dd44f47e1b06a5324 592.45MB / 2.82GB 335.5s
#9 sha256:28a8250ccb3ce5ce383dfa2aef68181b89655711eb86f5b343c73f51432d8e16 583.01MB / 2.25GB 337.2s
#9 sha256:55ed784654146928b647b823eb30b13fa77fee75397f535dd44f47e1b06a5324 601.88MB / 2.82GB 342.5s
#9 sha256:28a8250ccb3ce5ce383dfa2aef68181b89655711eb86f5b343c73f51432d8e16 588.25MB / 2.25GB 342.4s
#9 ...

#10 [vllm_chat vllm-base  4/16] RUN echo 'tzdata tzdata/Areas select America' | debconf-set-selections     && echo 'tzdata tzdata/Zones/America select Los_Angeles' | debconf-set-selections     && apt-get update -y     && apt-get install -y --no-install-recommends         software-properties-common         curl         sudo         python3-pip         ffmpeg         libsm6         libxext6         libgl1     && if [ ! -z ${DEADSNAKES_MIRROR_URL} ] ; then         if [ ! -z "${DEADSNAKES_GPGKEY_URL}" ] ; then             mkdir -p -m 0755 /etc/apt/keyrings ;             curl -L ${DEADSNAKES_GPGKEY_URL} | gpg --dearmor > /etc/apt/keyrings/deadsnakes.gpg ;             sudo chmod 644 /etc/apt/keyrings/deadsnakes.gpg ;             echo "deb [signed-by=/etc/apt/keyrings/deadsnakes.gpg] ${DEADSNAKES_MIRROR_URL} $(lsb_release -cs) main" > /etc/apt/sources.list.d/deadsnakes.list ;         fi ;     else         for i in 1 2 3; do             add-apt-repository -y ppa:deadsnakes/ppa && break ||             { echo "Attempt $i failed, retrying in 5s..."; sleep 5; };         done ;     fi     && apt-get update -y     && apt-get install -y --no-install-recommends         python3.12         python3.12-dev         python3.12-venv         libibverbs-dev     && rm -rf /var/lib/apt/lists/*     && update-alternatives --install /usr/bin/python3 python3 /usr/bin/python3.12 1     && update-alternatives --set python3 /usr/bin/python3.12     && ln -sf /usr/bin/python3.12-config /usr/bin/python3-config     && curl -sS https://bootstrap.pypa.io/get-pip.py | python3.12     && python3 --version && python3 -m pip --version
#10 332.2 Selecting previously unselected package libglx0:arm64.
#10 332.2 Preparing to unpack .../177-libglx0_1.4.0-1_arm64.deb ...
#10 332.3 Unpacking libglx0:arm64 (1.4.0-1) ...
#10 333.2 Selecting previously unselected package libgl1:arm64.
#10 333.2 Preparing to unpack .../178-libgl1_1.4.0-1_arm64.deb ...
#10 333.3 Unpacking libgl1:arm64 (1.4.0-1) ...
#10 333.9 Selecting previously unselected package libiec61883-0:arm64.
#10 333.9 Preparing to unpack .../179-libiec61883-0_1.2.0-4build3_arm64.deb ...
#10 334.4 Unpacking libiec61883-0:arm64 (1.2.0-4build3) ...
#10 337.3 Selecting previously unselected package libjack-jackd2-0:arm64.
#10 337.3 Preparing to unpack .../180-libjack-jackd2-0_1.9.20~dfsg-1_arm64.deb ...
#10 337.3 Unpacking libjack-jackd2-0:arm64 (1.9.20~dfsg-1) ...
#10 337.6 Selecting previously unselected package libopenal-data.
#10 337.6 Preparing to unpack .../181-libopenal-data_1%3a1.19.1-2build3_all.deb ...
#10 337.6 Unpacking libopenal-data (1:1.19.1-2build3) ...
#10 337.8 Selecting previously unselected package libsndio7.0:arm64.
#10 337.8 Preparing to unpack .../182-libsndio7.0_1.8.1-1.1_arm64.deb ...
#10 337.8 Unpacking libsndio7.0:arm64 (1.8.1-1.1) ...
#10 338.1 Selecting previously unselected package libopenal1:arm64.
#10 338.1 Preparing to unpack .../183-libopenal1_1%3a1.19.1-2build3_arm64.deb ...
#10 338.1 Unpacking libopenal1:arm64 (1:1.19.1-2build3) ...
#10 338.3 Selecting previously unselected package libwayland-client0:arm64.
#10 338.3 Preparing to unpack .../184-libwayland-client0_1.20.0-1ubuntu0.1_arm64.deb ...
#10 338.3 Unpacking libwayland-client0:arm64 (1.20.0-1ubuntu0.1) ...
#10 338.6 Selecting previously unselected package libdecor-0-0:arm64.
#10 338.6 Preparing to unpack .../185-libdecor-0-0_0.1.0-3build1_arm64.deb ...
#10 338.6 Unpacking libdecor-0-0:arm64 (0.1.0-3build1) ...
#10 338.8 Selecting previously unselected package libwayland-server0:arm64.
#10 338.8 Preparing to unpack .../186-libwayland-server0_1.20.0-1ubuntu0.1_arm64.deb ...
#10 338.8 Unpacking libwayland-server0:arm64 (1.20.0-1ubuntu0.1) ...
#10 339.1 Selecting previously unselected package libgbm1:arm64.
#10 339.1 Preparing to unpack .../187-libgbm1_23.2.1-1ubuntu3.1~22.04.3_arm64.deb ...
#10 339.1 Unpacking libgbm1:arm64 (23.2.1-1ubuntu3.1~22.04.3) ...
#10 339.3 Selecting previously unselected package libwayland-cursor0:arm64.
#10 339.3 Preparing to unpack .../188-libwayland-cursor0_1.20.0-1ubuntu0.1_arm64.deb ...
#10 339.3 Unpacking libwayland-cursor0:arm64 (1.20.0-1ubuntu0.1) ...
#10 339.6 Selecting previously unselected package libwayland-egl1:arm64.
#10 339.6 Preparing to unpack .../189-libwayland-egl1_1.20.0-1ubuntu0.1_arm64.deb ...
#10 339.6 Unpacking libwayland-egl1:arm64 (1.20.0-1ubuntu0.1) ...
#10 339.8 Selecting previously unselected package libxcursor1:arm64.
#10 339.8 Preparing to unpack .../190-libxcursor1_1%3a1.2.0-2build4_arm64.deb ...
#10 339.8 Unpacking libxcursor1:arm64 (1:1.2.0-2build4) ...
#10 340.0 Selecting previously unselected package libxi6:arm64.
#10 340.0 Preparing to unpack .../191-libxi6_2%3a1.8-1build1_arm64.deb ...
#10 340.0 Unpacking libxi6:arm64 (2:1.8-1build1) ...
#10 341.2 Selecting previously unselected package libxinerama1:arm64.
#10 341.2 Preparing to unpack .../192-libxinerama1_2%3a1.1.4-3_arm64.deb ...
#10 341.2 Unpacking libxinerama1:arm64 (2:1.1.4-3) ...
#10 343.0 Selecting previously unselected package libxkbcommon0:arm64.
#10 343.0 Preparing to unpack .../193-libxkbcommon0_1.4.0-1_arm64.deb ...
#10 343.0 Unpacking libxkbcommon0:arm64 (1.4.0-1) ...
#10 343.3 Selecting previously unselected package libxrandr2:arm64.
#10 343.3 Preparing to unpack .../194-libxrandr2_2%3a1.5.2-1build1_arm64.deb ...
#10 343.3 Unpacking libxrandr2:arm64 (2:1.5.2-1build1) ...
#10 343.5 Selecting previously unselected package x11-common.
#10 343.5 Preparing to unpack .../195-x11-common_1%3a7.7+23ubuntu2_all.deb ...
#10 343.5 Unpacking x11-common (1:7.7+23ubuntu2) ...
#10 343.8 Selecting previously unselected package libxss1:arm64.
#10 343.8 Preparing to unpack .../196-libxss1_1%3a1.2.3-1build2_arm64.deb ...
#10 343.8 Unpacking libxss1:arm64 (1:1.2.3-1build2) ...
#10 344.0 Selecting previously unselected package libsdl2-2.0-0:arm64.
#10 344.0 Preparing to unpack .../197-libsdl2-2.0-0_2.0.20+dfsg-2ubuntu1.22.04.1_arm64.deb ...
#10 344.0 Unpacking libsdl2-2.0-0:arm64 (2.0.20+dfsg-2ubuntu1.22.04.1) ...
#10 344.2 Selecting previously unselected package libxcb-shape0:arm64.
#10 344.2 Preparing to unpack .../198-libxcb-shape0_1.14-3ubuntu3_arm64.deb ...
#10 344.3 Unpacking libxcb-shape0:arm64 (1.14-3ubuntu3) ...
#10 344.5 Selecting previously unselected package libxv1:arm64.
#10 344.5 Preparing to unpack .../199-libxv1_2%3a1.0.11-1build2_arm64.deb ...
#10 344.5 Unpacking libxv1:arm64 (2:1.0.11-1build2) ...
#10 344.7 Selecting previously unselected package libavdevice58:arm64.
#10 344.7 Preparing to unpack .../200-libavdevice58_7%3a4.4.2-0ubuntu0.22.04.1_arm64.deb ...
#10 344.7 Unpacking libavdevice58:arm64 (7:4.4.2-0ubuntu0.22.04.1) ...
#10 ...

#9 [vllm_chat base 1/8] FROM docker.io/nvidia/cuda:12.9.1-devel-ubuntu20.04@sha256:006428494316cab0cc7c62784d91d28b8f2163dde80db2de66434cfc1bf6eac0
#9 sha256:55ed784654146928b647b823eb30b13fa77fee75397f535dd44f47e1b06a5324 611.32MB / 2.82GB 347.6s
#9 sha256:28a8250ccb3ce5ce383dfa2aef68181b89655711eb86f5b343c73f51432d8e16 597.69MB / 2.25GB 347.5s
#9 sha256:55ed784654146928b647b823eb30b13fa77fee75397f535dd44f47e1b06a5324 620.76MB / 2.82GB 352.7s
#9 sha256:28a8250ccb3ce5ce383dfa2aef68181b89655711eb86f5b343c73f51432d8e16 607.13MB / 2.25GB 352.6s
#9 ...

#10 [vllm_chat vllm-base  4/16] RUN echo 'tzdata tzdata/Areas select America' | debconf-set-selections     && echo 'tzdata tzdata/Zones/America select Los_Angeles' | debconf-set-selections     && apt-get update -y     && apt-get install -y --no-install-recommends         software-properties-common         curl         sudo         python3-pip         ffmpeg         libsm6         libxext6         libgl1     && if [ ! -z ${DEADSNAKES_MIRROR_URL} ] ; then         if [ ! -z "${DEADSNAKES_GPGKEY_URL}" ] ; then             mkdir -p -m 0755 /etc/apt/keyrings ;             curl -L ${DEADSNAKES_GPGKEY_URL} | gpg --dearmor > /etc/apt/keyrings/deadsnakes.gpg ;             sudo chmod 644 /etc/apt/keyrings/deadsnakes.gpg ;             echo "deb [signed-by=/etc/apt/keyrings/deadsnakes.gpg] ${DEADSNAKES_MIRROR_URL} $(lsb_release -cs) main" > /etc/apt/sources.list.d/deadsnakes.list ;         fi ;     else         for i in 1 2 3; do             add-apt-repository -y ppa:deadsnakes/ppa && break ||             { echo "Attempt $i failed, retrying in 5s..."; sleep 5; };         done ;     fi     && apt-get update -y     && apt-get install -y --no-install-recommends         python3.12         python3.12-dev         python3.12-venv         libibverbs-dev     && rm -rf /var/lib/apt/lists/*     && update-alternatives --install /usr/bin/python3 python3 /usr/bin/python3.12 1     && update-alternatives --set python3 /usr/bin/python3.12     && ln -sf /usr/bin/python3.12-config /usr/bin/python3-config     && curl -sS https://bootstrap.pypa.io/get-pip.py | python3.12     && python3 --version && python3 -m pip --version
#10 345.0 Selecting previously unselected package ffmpeg.
#10 345.0 Preparing to unpack .../201-ffmpeg_7%3a4.4.2-0ubuntu0.22.04.1_arm64.deb ...
#10 345.0 Unpacking ffmpeg (7:4.4.2-0ubuntu0.22.04.1) ...
#10 345.2 Selecting previously unselected package libpackagekit-glib2-18:arm64.
#10 345.2 Preparing to unpack .../202-libpackagekit-glib2-18_1.2.5-2ubuntu3_arm64.deb ...
#10 345.2 Unpacking libpackagekit-glib2-18:arm64 (1.2.5-2ubuntu3) ...
#10 345.4 Selecting previously unselected package gir1.2-packagekitglib-1.0.
#10 345.5 Preparing to unpack .../203-gir1.2-packagekitglib-1.0_1.2.5-2ubuntu3_arm64.deb ...
#10 345.5 Unpacking gir1.2-packagekitglib-1.0 (1.2.5-2ubuntu3) ...
#10 345.7 Selecting previously unselected package libcurl3-gnutls:arm64.
#10 345.7 Preparing to unpack .../204-libcurl3-gnutls_7.81.0-1ubuntu1.21_arm64.deb ...
#10 345.7 Unpacking libcurl3-gnutls:arm64 (7.81.0-1ubuntu1.21) ...
#10 345.9 Selecting previously unselected package libstemmer0d:arm64.
#10 345.9 Preparing to unpack .../205-libstemmer0d_2.2.0-1build1_arm64.deb ...
#10 345.9 Unpacking libstemmer0d:arm64 (2.2.0-1build1) ...
#10 346.2 Selecting previously unselected package libxmlb2:arm64.
#10 346.2 Preparing to unpack .../206-libxmlb2_0.3.6-2build1_arm64.deb ...
#10 346.2 Unpacking libxmlb2:arm64 (0.3.6-2build1) ...
#10 346.4 Selecting previously unselected package libappstream4:arm64.
#10 346.4 Preparing to unpack .../207-libappstream4_0.15.2-2_arm64.deb ...
#10 346.4 Unpacking libappstream4:arm64 (0.15.2-2) ...
#10 346.6 Selecting previously unselected package libdw1:arm64.
#10 346.7 Preparing to unpack .../208-libdw1_0.186-1ubuntu0.1_arm64.deb ...
#10 346.7 Unpacking libdw1:arm64 (0.186-1ubuntu0.1) ...
#10 346.9 Selecting previously unselected package libglib2.0-bin.
#10 346.9 Preparing to unpack .../209-libglib2.0-bin_2.72.4-0ubuntu2.6_arm64.deb ...
#10 346.9 Unpacking libglib2.0-bin (2.72.4-0ubuntu2.6) ...
#10 347.2 Selecting previously unselected package libunwind8:arm64.
#10 347.2 Preparing to unpack .../210-libunwind8_1.3.2-2build2.1_arm64.deb ...
#10 347.2 Unpacking libunwind8:arm64 (1.3.2-2build2.1) ...
#10 347.4 Selecting previously unselected package libgstreamer1.0-0:arm64.
#10 347.4 Preparing to unpack .../211-libgstreamer1.0-0_1.20.3-0ubuntu1.1_arm64.deb ...
#10 347.4 Unpacking libgstreamer1.0-0:arm64 (1.20.3-0ubuntu1.1) ...
#10 347.7 Selecting previously unselected package libice6:arm64.
#10 347.7 Preparing to unpack .../212-libice6_2%3a1.0.10-1build2_arm64.deb ...
#10 347.7 Unpacking libice6:arm64 (2:1.0.10-1build2) ...
#10 347.9 Selecting previously unselected package libpolkit-gobject-1-0:arm64.
#10 347.9 Preparing to unpack .../213-libpolkit-gobject-1-0_0.105-33_arm64.deb ...
#10 347.9 Unpacking libpolkit-gobject-1-0:arm64 (0.105-33) ...
#10 348.1 Selecting previously unselected package libpolkit-agent-1-0:arm64.
#10 348.1 Preparing to unpack .../214-libpolkit-agent-1-0_0.105-33_arm64.deb ...
#10 348.1 Unpacking libpolkit-agent-1-0:arm64 (0.105-33) ...
#10 348.4 Selecting previously unselected package libsm6:arm64.
#10 348.4 Preparing to unpack .../215-libsm6_2%3a1.2.3-1build2_arm64.deb ...
#10 348.4 Unpacking libsm6:arm64 (2:1.2.3-1build2) ...
#10 348.6 Selecting previously unselected package polkitd.
#10 348.6 Preparing to unpack .../216-polkitd_0.105-33_arm64.deb ...
#10 348.6 Unpacking polkitd (0.105-33) ...
#10 348.9 Selecting previously unselected package pkexec.
#10 348.9 Preparing to unpack .../217-pkexec_0.105-33_arm64.deb ...
#10 348.9 Unpacking pkexec (0.105-33) ...
#10 349.1 Selecting previously unselected package policykit-1.
#10 349.1 Preparing to unpack .../218-policykit-1_0.105-33_arm64.deb ...
#10 349.5 Unpacking policykit-1 (0.105-33) ...
#10 349.7 Selecting previously unselected package python3-blinker.
#10 349.7 Preparing to unpack .../219-python3-blinker_1.4+dfsg1-0.4_all.deb ...
#10 349.7 Unpacking python3-blinker (1.4+dfsg1-0.4) ...
#10 350.0 Selecting previously unselected package python3-cffi-backend:arm64.
#10 350.0 Preparing to unpack .../220-python3-cffi-backend_1.15.0-1build2_arm64.deb ...
#10 350.0 Unpacking python3-cffi-backend:arm64 (1.15.0-1build2) ...
#10 350.3 Selecting previously unselected package python3-cryptography.
#10 350.3 Preparing to unpack .../221-python3-cryptography_3.4.8-1ubuntu2.2_arm64.deb ...
#10 350.3 Unpacking python3-cryptography (3.4.8-1ubuntu2.2) ...
#10 350.6 Selecting previously unselected package python3-lib2to3.
#10 350.6 Preparing to unpack .../222-python3-lib2to3_3.10.8-1~22.04_all.deb ...
#10 350.6 Unpacking python3-lib2to3 (3.10.8-1~22.04) ...
#10 350.9 Selecting previously unselected package python3-distutils.
#10 350.9 Preparing to unpack .../223-python3-distutils_3.10.8-1~22.04_all.deb ...
#10 350.9 Unpacking python3-distutils (3.10.8-1~22.04) ...
#10 351.1 Selecting previously unselected package python3-pyparsing.
#10 351.1 Preparing to unpack .../224-python3-pyparsing_2.4.7-1_all.deb ...
#10 351.2 Unpacking python3-pyparsing (2.4.7-1) ...
#10 351.4 Selecting previously unselected package python3-httplib2.
#10 351.4 Preparing to unpack .../225-python3-httplib2_0.20.2-2_all.deb ...
#10 351.4 Unpacking python3-httplib2 (0.20.2-2) ...
#10 351.7 Selecting previously unselected package python3-more-itertools.
#10 351.7 Preparing to unpack .../226-python3-more-itertools_8.10.0-2_all.deb ...
#10 351.7 Unpacking python3-more-itertools (8.10.0-2) ...
#10 352.2 Selecting previously unselected package python3-zipp.
#10 352.2 Preparing to unpack .../227-python3-zipp_1.0.0-3ubuntu0.1_all.deb ...
#10 352.2 Unpacking python3-zipp (1.0.0-3ubuntu0.1) ...
#10 352.4 Selecting previously unselected package python3-importlib-metadata.
#10 352.4 Preparing to unpack .../228-python3-importlib-metadata_4.6.4-1_all.deb ...
#10 352.5 Unpacking python3-importlib-metadata (4.6.4-1) ...
#10 352.7 Selecting previously unselected package python3-jeepney.
#10 352.7 Preparing to unpack .../229-python3-jeepney_0.7.1-3_all.deb ...
#10 352.7 Unpacking python3-jeepney (0.7.1-3) ...
#10 353.0 Selecting previously unselected package python3-jwt.
#10 353.0 Preparing to unpack .../230-python3-jwt_2.3.0-1ubuntu0.2_all.deb ...
#10 353.0 Unpacking python3-jwt (2.3.0-1ubuntu0.2) ...
#10 353.3 Selecting previously unselected package python3-secretstorage.
#10 353.3 Preparing to unpack .../231-python3-secretstorage_3.3.1-1_all.deb ...
#10 353.3 Unpacking python3-secretstorage (3.3.1-1) ...
#10 353.5 Selecting previously unselected package python3-keyring.
#10 353.5 Preparing to unpack .../232-python3-keyring_23.5.0-1_all.deb ...
#10 353.5 Unpacking python3-keyring (23.5.0-1) ...
#10 353.8 Selecting previously unselected package python3-lazr.uri.
#10 353.8 Preparing to unpack .../233-python3-lazr.uri_1.0.6-2_all.deb ...
#10 353.8 Unpacking python3-lazr.uri (1.0.6-2) ...
#10 354.0 Selecting previously unselected package python3-wadllib.
#10 354.0 Preparing to unpack .../234-python3-wadllib_1.3.6-1_all.deb ...
#10 354.0 Unpacking python3-wadllib (1.3.6-1) ...
#10 354.2 Selecting previously unselected package python3-distro.
#10 354.2 Preparing to unpack .../235-python3-distro_1.7.0-1_all.deb ...
#10 354.2 Unpacking python3-distro (1.7.0-1) ...
#10 354.5 Selecting previously unselected package python3-oauthlib.
#10 354.5 Preparing to unpack .../236-python3-oauthlib_3.2.0-1ubuntu0.1_all.deb ...
#10 354.5 Unpacking python3-oauthlib (3.2.0-1ubuntu0.1) ...
#10 354.7 Selecting previously unselected package python3-six.
#10 354.7 Preparing to unpack .../237-python3-six_1.16.0-3ubuntu1_all.deb ...
#10 354.7 Unpacking python3-six (1.16.0-3ubuntu1) ...
#10 355.0 Selecting previously unselected package python3-lazr.restfulclient.
#10 355.0 Preparing to unpack .../238-python3-lazr.restfulclient_0.14.4-1_all.deb ...
#10 355.0 Unpacking python3-lazr.restfulclient (0.14.4-1) ...
#10 ...

#9 [vllm_chat base 1/8] FROM docker.io/nvidia/cuda:12.9.1-devel-ubuntu20.04@sha256:006428494316cab0cc7c62784d91d28b8f2163dde80db2de66434cfc1bf6eac0
#9 sha256:55ed784654146928b647b823eb30b13fa77fee75397f535dd44f47e1b06a5324 630.19MB / 2.82GB 357.8s
#9 sha256:28a8250ccb3ce5ce383dfa2aef68181b89655711eb86f5b343c73f51432d8e16 615.51MB / 2.25GB 357.7s
#9 sha256:55ed784654146928b647b823eb30b13fa77fee75397f535dd44f47e1b06a5324 641.73MB / 2.82GB 362.9s
#9 sha256:28a8250ccb3ce5ce383dfa2aef68181b89655711eb86f5b343c73f51432d8e16 626.00MB / 2.25GB 362.8s
#9 ...

#10 [vllm_chat vllm-base  4/16] RUN echo 'tzdata tzdata/Areas select America' | debconf-set-selections     && echo 'tzdata tzdata/Zones/America select Los_Angeles' | debconf-set-selections     && apt-get update -y     && apt-get install -y --no-install-recommends         software-properties-common         curl         sudo         python3-pip         ffmpeg         libsm6         libxext6         libgl1     && if [ ! -z ${DEADSNAKES_MIRROR_URL} ] ; then         if [ ! -z "${DEADSNAKES_GPGKEY_URL}" ] ; then             mkdir -p -m 0755 /etc/apt/keyrings ;             curl -L ${DEADSNAKES_GPGKEY_URL} | gpg --dearmor > /etc/apt/keyrings/deadsnakes.gpg ;             sudo chmod 644 /etc/apt/keyrings/deadsnakes.gpg ;             echo "deb [signed-by=/etc/apt/keyrings/deadsnakes.gpg] ${DEADSNAKES_MIRROR_URL} $(lsb_release -cs) main" > /etc/apt/sources.list.d/deadsnakes.list ;         fi ;     else         for i in 1 2 3; do             add-apt-repository -y ppa:deadsnakes/ppa && break ||             { echo "Attempt $i failed, retrying in 5s..."; sleep 5; };         done ;     fi     && apt-get update -y     && apt-get install -y --no-install-recommends         python3.12         python3.12-dev         python3.12-venv         libibverbs-dev     && rm -rf /var/lib/apt/lists/*     && update-alternatives --install /usr/bin/python3 python3 /usr/bin/python3.12 1     && update-alternatives --set python3 /usr/bin/python3.12     && ln -sf /usr/bin/python3.12-config /usr/bin/python3-config     && curl -sS https://bootstrap.pypa.io/get-pip.py | python3.12     && python3 --version && python3 -m pip --version
#10 355.2 Selecting previously unselected package python3-launchpadlib.
#10 355.2 Preparing to unpack .../239-python3-launchpadlib_1.10.16-1_all.deb ...
#10 355.3 Unpacking python3-launchpadlib (1.10.16-1) ...
#10 355.5 Selecting previously unselected package python3-setuptools.
#10 355.5 Preparing to unpack .../240-python3-setuptools_59.6.0-1.2ubuntu0.22.04.3_all.deb ...
#10 355.6 Unpacking python3-setuptools (59.6.0-1.2ubuntu0.22.04.3) ...
#10 355.8 Selecting previously unselected package python3-wheel.
#10 355.8 Preparing to unpack .../241-python3-wheel_0.37.1-2ubuntu0.22.04.1_all.deb ...
#10 355.8 Unpacking python3-wheel (0.37.1-2ubuntu0.22.04.1) ...
#10 356.0 Selecting previously unselected package python3-pip.
#10 356.0 Preparing to unpack .../242-python3-pip_22.0.2+dfsg-1ubuntu0.7_all.deb ...
#10 356.0 Unpacking python3-pip (22.0.2+dfsg-1ubuntu0.7) ...
#10 356.4 Selecting previously unselected package python3-software-properties.
#10 356.4 Preparing to unpack .../243-python3-software-properties_0.99.22.9_all.deb ...
#10 356.4 Unpacking python3-software-properties (0.99.22.9) ...
#10 356.7 Selecting previously unselected package packagekit.
#10 356.7 Preparing to unpack .../244-packagekit_1.2.5-2ubuntu3_arm64.deb ...
#10 356.7 Unpacking packagekit (1.2.5-2ubuntu3) ...
#10 357.0 Selecting previously unselected package software-properties-common.
#10 357.0 Preparing to unpack .../245-software-properties-common_0.99.22.9_all.deb ...
#10 357.0 Unpacking software-properties-common (0.99.22.9) ...
#10 357.2 Setting up libgme0:arm64 (0.6.3-2) ...
#10 357.2 Setting up libssh-gcrypt-4:arm64 (0.9.6-2ubuntu0.22.04.5) ...
#10 357.2 Setting up media-types (7.0.0) ...
#10 357.3 Setting up libgraphite2-3:arm64 (1.3.14-1build2) ...
#10 357.3 Setting up libsrt1.4-gnutls:arm64 (1.4.4-4) ...
#10 357.3 Setting up libpixman-1-0:arm64 (0.40.0-1ubuntu0.22.04.1) ...
#10 357.3 Setting up libudfread0:arm64 (1.1.2-1) ...
#10 357.3 Setting up libwayland-server0:arm64 (1.20.0-1ubuntu0.1) ...
#10 357.3 Setting up libaom3:arm64 (3.3.0-1ubuntu0.1) ...
#10 357.4 Setting up librabbitmq4:arm64 (0.10.0-1ubuntu2) ...
#10 357.4 Setting up systemd-sysv (249.11-0ubuntu3.17) ...
#10 357.4 Setting up libxau6:arm64 (1:1.0.9-1build5) ...
#10 357.5 Setting up libraw1394-11:arm64 (2.1.2-2build2) ...
#10 357.5 Setting up libpsl5:arm64 (0.21.0-1.2build2) ...
#10 357.5 Setting up libcodec2-1.0:arm64 (1.0.1-3) ...
#10 357.5 Setting up libsodium23:arm64 (1.0.18-1build2) ...
#10 357.5 Setting up libmpg123-0:arm64 (1.29.3-1ubuntu0.1) ...
#10 357.5 Setting up libogg0:arm64 (1.3.5-0ubuntu3) ...
#10 357.6 Setting up libspeex1:arm64 (1.2~rc1.2-1.1ubuntu3) ...
#10 357.6 Setting up libshine3:arm64 (3.1.1-2) ...
#10 357.6 Setting up libtwolame0:arm64 (0.4.0-2build2) ...
#10 357.6 Setting up libdatrie1:arm64 (0.2.13-2) ...
#10 357.6 Setting up libgsm1:arm64 (1.0.19-1) ...
#10 357.6 Setting up libyaml-0-2:arm64 (0.2.2-1build2) ...
#10 357.7 Setting up libglib2.0-0:arm64 (2.72.4-0ubuntu2.6) ...
#10 357.8 No schema files found: doing nothing.
#10 357.8 Setting up distro-info-data (0.52ubuntu0.11) ...
#10 357.9 Setting up libglvnd0:arm64 (1.4.0-1) ...
#10 357.9 Setting up libpgm-5.3-0:arm64 (5.3.128~dfsg-2) ...
#10 357.9 Setting up libxmlb2:arm64 (0.3.6-2build1) ...
#10 357.9 Setting up libbrotli1:arm64 (1.0.9-2build6) ...
#10 357.9 Setting up libgdk-pixbuf2.0-common (2.42.8+dfsg-1ubuntu0.4) ...
#10 357.9 Setting up libnorm1:arm64 (1.5.9+dfsg-2) ...
#10 358.0 Setting up libmysofa1:arm64 (1.2.1~dfsg0-1) ...
#10 358.0 Setting up x11-common (1:7.7+23ubuntu2) ...
#10 359.4 invoke-rc.d: could not determine current runlevel
#10 359.5 invoke-rc.d: policy-rc.d denied execution of start.
#10 359.5 Setting up libsensors-config (1:3.6.0-7ubuntu1) ...
#10 359.5 Setting up libnghttp2-14:arm64 (1.43.0-1ubuntu0.2) ...
#10 359.5 Setting up libdeflate0:arm64 (1.10-2) ...
#10 359.5 Setting up libpackagekit-glib2-18:arm64 (1.2.5-2ubuntu3) ...
#10 359.6 Setting up xkb-data (2.33-1) ...
#10 359.6 Setting up libgomp1:arm64 (12.3.0-1ubuntu1~22.04.2) ...
#10 359.6 Setting up libcdio19:arm64 (2.1.0-3ubuntu0.2) ...
#10 359.6 Setting up libxvidcore4:arm64 (2:1.3.7-1) ...
#10 359.6 Setting up libunwind8:arm64 (1.3.2-2build2.1) ...
#10 359.6 Setting up libjbig0:arm64 (2.1-3.1ubuntu0.22.04.1) ...
#10 359.7 Setting up libsnappy1v5:arm64 (1.1.8-1build3) ...
#10 359.7 Setting up libflac8:arm64 (1.3.3-2ubuntu0.2) ...
#10 359.7 Setting up libcap2-bin (1:2.44-1ubuntu0.22.04.2) ...
#10 359.7 Setting up libasound2-data (1.2.6.1-1ubuntu1) ...
#10 359.7 Setting up libblas3:arm64 (3.10.0-2ubuntu1) ...
#10 359.8 update-alternatives: using /usr/lib/aarch64-linux-gnu/blas/libblas.so.3 to provide /usr/lib/aarch64-linux-gnu/libblas.so.3 (libblas.so.3-aarch64-linux-gnu) in auto mode
#10 359.8 Setting up libglib2.0-data (2.72.4-0ubuntu2.6) ...
#10 359.8 Setting up libslang2:arm64 (2.3.2-5build4) ...
#10 359.8 Setting up libva2:arm64 (2.14.0-1) ...
#10 359.9 Setting up libx11-data (2:1.7.5-1ubuntu0.3) ...
#10 359.9 Setting up librtmp1:arm64 (2.4+20151223.gitfa8646d.1-2build4) ...
#10 359.9 Setting up libx264-163:arm64 (2:0.163.3060+git5db6aa6-2build1) ...
#10 359.9 Setting up libdbus-1-3:arm64 (1.12.20-2ubuntu4.1) ...
#10 359.9 Setting up dbus (1.12.20-2ubuntu4.1) ...
#10 361.4 Setting up libfribidi0:arm64 (1.0.8-2ubuntu3.1) ...
#10 361.4 Setting up libopus0:arm64 (1.3.1-0.1build2) ...
#10 361.4 Setting up libpng16-16:arm64 (1.6.37-3build5) ...
#10 361.5 Setting up libvorbis0a:arm64 (1.3.7-1build2) ...
#10 361.5 Setting up sudo (1.9.9-1ubuntu2.5) ...
#10 362.2 Setting up fonts-dejavu-core (2.37-2build1) ...
#10 362.2 Setting up ucf (3.0043) ...
#10 363.3 Setting up libsensors5:arm64 (1:3.6.0-7ubuntu1) ...
#10 363.4 Setting up libjpeg-turbo8:arm64 (2.1.2-0ubuntu1) ...
#10 363.4 Setting up libglapi-mesa:arm64 (23.2.1-1ubuntu3.1~22.04.3) ...
#10 363.4 Setting up libssh-4:arm64 (0.9.6-2ubuntu0.22.04.5) ...
#10 363.4 Setting up libgfortran5:arm64 (12.3.0-1ubuntu1~22.04.2) ...
#10 363.4 Setting up libwebp7:arm64 (1.2.2-2ubuntu0.22.04.2) ...
#10 363.4 Setting up libnuma1:arm64 (2.0.14-3ubuntu2) ...
#10 363.5 Setting up libvidstab1.1:arm64 (1.1.0-2) ...
#10 363.5 Setting up libmd0:arm64 (1.0.4-1build1) ...
#10 363.5 Setting up python-apt-common (2.4.0ubuntu4) ...
#10 363.7 Setting up ocl-icd-libopencl1:arm64 (2.2.14-3) ...
#10 363.8 Setting up libasyncns0:arm64 (0.8-6build2) ...
#10 363.9 Setting up libxshmfence1:arm64 (1.3-1build4) ...
#10 363.9 Setting up libbs2b0:arm64 (3.1.0+dfsg-2.2build1) ...
#10 363.9 Setting up libasound2:arm64 (1.2.6.1-1ubuntu1) ...
#10 363.9 Setting up libmpdec3:arm64 (2.5.1-2build2) ...
#10 364.0 Setting up libpam-systemd:arm64 (249.11-0ubuntu3.17) ...
#10 ...

#9 [vllm_chat base 1/8] FROM docker.io/nvidia/cuda:12.9.1-devel-ubuntu20.04@sha256:006428494316cab0cc7c62784d91d28b8f2163dde80db2de66434cfc1bf6eac0
#9 sha256:55ed784654146928b647b823eb30b13fa77fee75397f535dd44f47e1b06a5324 651.17MB / 2.82GB 368.0s
#9 sha256:28a8250ccb3ce5ce383dfa2aef68181b89655711eb86f5b343c73f51432d8e16 634.39MB / 2.25GB 367.9s
#9 sha256:28a8250ccb3ce5ce383dfa2aef68181b89655711eb86f5b343c73f51432d8e16 642.78MB / 2.25GB 373.2s
#9 sha256:55ed784654146928b647b823eb30b13fa77fee75397f535dd44f47e1b06a5324 659.55MB / 2.82GB 373.5s
#9 ...

#10 [vllm_chat vllm-base  4/16] RUN echo 'tzdata tzdata/Areas select America' | debconf-set-selections     && echo 'tzdata tzdata/Zones/America select Los_Angeles' | debconf-set-selections     && apt-get update -y     && apt-get install -y --no-install-recommends         software-properties-common         curl         sudo         python3-pip         ffmpeg         libsm6         libxext6         libgl1     && if [ ! -z ${DEADSNAKES_MIRROR_URL} ] ; then         if [ ! -z "${DEADSNAKES_GPGKEY_URL}" ] ; then             mkdir -p -m 0755 /etc/apt/keyrings ;             curl -L ${DEADSNAKES_GPGKEY_URL} | gpg --dearmor > /etc/apt/keyrings/deadsnakes.gpg ;             sudo chmod 644 /etc/apt/keyrings/deadsnakes.gpg ;             echo "deb [signed-by=/etc/apt/keyrings/deadsnakes.gpg] ${DEADSNAKES_MIRROR_URL} $(lsb_release -cs) main" > /etc/apt/sources.list.d/deadsnakes.list ;         fi ;     else         for i in 1 2 3; do             add-apt-repository -y ppa:deadsnakes/ppa && break ||             { echo "Attempt $i failed, retrying in 5s..."; sleep 5; };         done ;     fi     && apt-get update -y     && apt-get install -y --no-install-recommends         python3.12         python3.12-dev         python3.12-venv         libibverbs-dev     && rm -rf /var/lib/apt/lists/*     && update-alternatives --install /usr/bin/python3 python3 /usr/bin/python3.12 1     && update-alternatives --set python3 /usr/bin/python3.12     && ln -sf /usr/bin/python3.12-config /usr/bin/python3-config     && curl -sS https://bootstrap.pypa.io/get-pip.py | python3.12     && python3 --version && python3 -m pip --version
#10 365.8 Setting up libzimg2:arm64 (3.0.3+ds1-1) ...
#10 365.8 Setting up libcurl4:arm64 (7.81.0-1ubuntu1.21) ...
#10 365.8 Setting up libopenjp2-7:arm64 (2.4.0-6ubuntu0.4) ...
#10 365.8 Setting up libopenal-data (1:1.19.1-2build3) ...
#10 365.8 Setting up libthai-data (0.1.29-1build1) ...
#10 365.9 Setting up libgirepository-1.0-1:arm64 (1.72.0-1) ...
#10 365.9 Setting up libvpx7:arm64 (1.11.0-2ubuntu2.4) ...
#10 365.9 Setting up curl (7.81.0-1ubuntu1.21) ...
#10 365.9 Setting up libwayland-egl1:arm64 (1.20.0-1ubuntu0.1) ...
#10 365.9 Setting up libusb-1.0-0:arm64 (2:1.0.25-1ubuntu2) ...
#10 366.0 Setting up libstemmer0d:arm64 (2.2.0-1build1) ...
#10 366.0 Setting up libdav1d5:arm64 (0.9.2-1) ...
#10 366.0 Setting up libsamplerate0:arm64 (0.2.2-1build1) ...
#10 366.0 Setting up libwebpmux3:arm64 (1.2.2-2ubuntu0.22.04.2) ...
#10 366.0 Setting up libbsd0:arm64 (0.11.5-1) ...
#10 366.1 Setting up libdrm-common (2.4.113-2~ubuntu0.22.04.1) ...
#10 366.1 Setting up libelf1:arm64 (0.186-1ubuntu0.1) ...
#10 366.1 Setting up iso-codes (4.9.0-1) ...
#10 366.1 Setting up libpolkit-gobject-1-0:arm64 (0.105-33) ...
#10 366.1 Setting up libzvbi-common (0.2.35-19) ...
#10 366.1 Setting up libmp3lame0:arm64 (3.100-3build2) ...
#10 366.2 Setting up libvorbisenc2:arm64 (1.3.7-1build2) ...
#10 366.2 Setting up libicu70:arm64 (70.1-2) ...
#10 366.2 Setting up libiec61883-0:arm64 (1.2.0-4build3) ...
#10 366.2 Setting up libserd-0-0:arm64 (0.30.10-2) ...
#10 366.2 Setting up libxkbcommon0:arm64 (1.4.0-1) ...
#10 366.3 Setting up libwayland-client0:arm64 (1.20.0-1ubuntu0.1) ...
#10 366.3 Setting up libjpeg8:arm64 (8c-2ubuntu10) ...
#10 366.3 Setting up libavc1394-0:arm64 (0.5.4-5build2) ...
#10 366.3 Setting up libzvbi0:arm64 (0.2.35-19) ...
#10 366.3 Setting up libice6:arm64 (2:1.0.10-1build2) ...
#10 366.4 Setting up libdw1:arm64 (0.186-1ubuntu0.1) ...
#10 366.4 Setting up libxdmcp6:arm64 (1:1.1.3-0ubuntu5) ...
#10 366.4 Setting up liblapack3:arm64 (3.10.0-2ubuntu1) ...
#10 366.5 update-alternatives: using /usr/lib/aarch64-linux-gnu/lapack/liblapack.so.3 to provide /usr/lib/aarch64-linux-gnu/liblapack.so.3 (liblapack.so.3-aarch64-linux-gnu) in auto mode
#10 366.5 Setting up libxcb1:arm64 (1.14-3ubuntu3) ...
#10 366.5 Setting up libxcb-xfixes0:arm64 (1.14-3ubuntu3) ...
#10 366.5 Setting up libzmq5:arm64 (4.3.4-2) ...
#10 366.5 Setting up libcaca0:arm64 (0.99.beta19-2.2ubuntu4) ...
#10 366.6 Setting up libxcb-render0:arm64 (1.14-3ubuntu3) ...
#10 366.6 Setting up libsoxr0:arm64 (0.1.3-4build2) ...
#10 366.6 Setting up libcdio-cdda2:arm64 (10.2+2.0.0-1build3) ...
#10 366.6 Setting up fontconfig-config (2.13.1-4.2ubuntu5) ...
#10 367.0 Setting up libcdio-paranoia2:arm64 (10.2+2.0.0-1build3) ...
#10 367.0 Setting up libxcb-glx0:arm64 (1.14-3ubuntu3) ...
#10 367.0 Setting up libedit2:arm64 (3.1-20210910-1build1) ...
#10 367.1 Setting up libxcb-shape0:arm64 (1.14-3ubuntu3) ...
#10 367.1 Setting up libglib2.0-bin (2.72.4-0ubuntu2.6) ...
#10 367.1 Setting up libcurl3-gnutls:arm64 (7.81.0-1ubuntu1.21) ...
#10 367.1 Setting up libxcb-shm0:arm64 (1.14-3ubuntu3) ...
#10 367.1 Setting up libxcb-present0:arm64 (1.14-3ubuntu3) ...
#10 367.1 Setting up libpython3.10-stdlib:arm64 (3.10.12-1~22.04.12) ...
#10 367.2 Setting up libthai0:arm64 (0.1.29-1build1) ...
#10 367.2 Setting up libvorbisfile3:arm64 (1.3.7-1build2) ...
#10 367.2 Setting up libfreetype6:arm64 (2.11.1+dfsg-1ubuntu0.3) ...
#10 367.2 Setting up libxcb-sync1:arm64 (1.14-3ubuntu3) ...
#10 367.2 Setting up libdc1394-25:arm64 (2.2.6-4) ...
#10 367.3 Setting up gir1.2-glib-2.0:arm64 (1.72.0-1) ...
#10 367.3 Setting up libx265-199:arm64 (3.5-2) ...
#10 367.3 Setting up librubberband2:arm64 (2.0.0-2) ...
#10 367.3 Setting up libsndio7.0:arm64 (1.8.1-1.1) ...
#10 367.4 Setting up libxcb-dri2-0:arm64 (1.14-3ubuntu3) ...
#10 367.4 Setting up libjack-jackd2-0:arm64 (1.9.20~dfsg-1) ...
#10 367.4 Setting up libdrm2:arm64 (2.4.113-2~ubuntu0.22.04.1) ...
#10 367.4 Setting up libflite1:arm64 (2.2-3) ...
#10 367.4 Setting up libva-drm2:arm64 (2.14.0-1) ...
#10 367.5 Setting up libsord-0-0:arm64 (0.16.8-2) ...
#10 367.5 Setting up libwayland-cursor0:arm64 (1.20.0-1ubuntu0.1) ...
#10 367.5 Setting up libxcb-randr0:arm64 (1.14-3ubuntu3) ...
#10 367.5 Setting up libsratom-0-0:arm64 (0.6.8-1) ...
#10 367.5 Setting up libdecor-0-0:arm64 (0.1.0-3build1) ...
#10 367.5 Setting up libpolkit-agent-1-0:arm64 (0.105-33) ...
#10 367.6 Setting up libx11-6:arm64 (2:1.7.5-1ubuntu0.3) ...
#10 367.6 Setting up libharfbuzz0b:arm64 (2.7.4-1ubuntu3.2) ...
#10 367.6 Setting up libtiff5:arm64 (4.3.0-6ubuntu0.12) ...
#10 367.6 Setting up libfontconfig1:arm64 (2.13.1-4.2ubuntu5) ...
#10 367.6 Setting up libsndfile1:arm64 (1.0.31-2ubuntu0.2) ...
#10 367.6 Setting up libsm6:arm64 (2:1.2.3-1build2) ...
#10 367.7 Setting up liblilv-0-0:arm64 (0.24.12-2) ...
#10 367.7 Setting up libxml2:arm64 (2.9.13+dfsg-1ubuntu0.10) ...
#10 367.7 Setting up libopenmpt0:arm64 (0.6.1-1) ...
#10 367.7 Setting up polkitd (0.105-33) ...
#10 368.1 Setting up libgstreamer1.0-0:arm64 (1.20.3-0ubuntu1.1) ...
#10 368.2 Setcap worked! gst-ptp-helper is not suid!
#10 368.2 Setting up libpython3-stdlib:arm64 (3.10.6-1~22.04.1) ...
#10 368.2 Setting up libdrm-amdgpu1:arm64 (2.4.113-2~ubuntu0.22.04.1) ...
#10 368.2 Setting up libxcb-dri3-0:arm64 (1.14-3ubuntu3) ...
#10 368.3 Setting up libx11-xcb1:arm64 (2:1.7.5-1ubuntu0.3) ...
#10 368.3 Setting up fontconfig (2.13.1-4.2ubuntu5) ...
#10 368.3 Regenerating fonts cache... done.
#10 370.5 Setting up libdrm-nouveau2:arm64 (2.4.113-2~ubuntu0.22.04.1) ...
#10 370.7 Setting up python3.10 (3.10.12-1~22.04.12) ...
#10 ...

#9 [vllm_chat base 1/8] FROM docker.io/nvidia/cuda:12.9.1-devel-ubuntu20.04@sha256:006428494316cab0cc7c62784d91d28b8f2163dde80db2de66434cfc1bf6eac0
#9 sha256:28a8250ccb3ce5ce383dfa2aef68181b89655711eb86f5b343c73f51432d8e16 649.07MB / 2.25GB 378.3s
#9 sha256:55ed784654146928b647b823eb30b13fa77fee75397f535dd44f47e1b06a5324 664.80MB / 2.82GB 378.6s
#9 sha256:28a8250ccb3ce5ce383dfa2aef68181b89655711eb86f5b343c73f51432d8e16 658.51MB / 2.25GB 383.4s
#9 sha256:55ed784654146928b647b823eb30b13fa77fee75397f535dd44f47e1b06a5324 675.28MB / 2.82GB 383.7s
#9 sha256:28a8250ccb3ce5ce383dfa2aef68181b89655711eb86f5b343c73f51432d8e16 666.89MB / 2.25GB 388.5s
#9 sha256:55ed784654146928b647b823eb30b13fa77fee75397f535dd44f47e1b06a5324 686.82MB / 2.82GB 388.8s
#9 ...

#10 [vllm_chat vllm-base  4/16] RUN echo 'tzdata tzdata/Areas select America' | debconf-set-selections     && echo 'tzdata tzdata/Zones/America select Los_Angeles' | debconf-set-selections     && apt-get update -y     && apt-get install -y --no-install-recommends         software-properties-common         curl         sudo         python3-pip         ffmpeg         libsm6         libxext6         libgl1     && if [ ! -z ${DEADSNAKES_MIRROR_URL} ] ; then         if [ ! -z "${DEADSNAKES_GPGKEY_URL}" ] ; then             mkdir -p -m 0755 /etc/apt/keyrings ;             curl -L ${DEADSNAKES_GPGKEY_URL} | gpg --dearmor > /etc/apt/keyrings/deadsnakes.gpg ;             sudo chmod 644 /etc/apt/keyrings/deadsnakes.gpg ;             echo "deb [signed-by=/etc/apt/keyrings/deadsnakes.gpg] ${DEADSNAKES_MIRROR_URL} $(lsb_release -cs) main" > /etc/apt/sources.list.d/deadsnakes.list ;         fi ;     else         for i in 1 2 3; do             add-apt-repository -y ppa:deadsnakes/ppa && break ||             { echo "Attempt $i failed, retrying in 5s..."; sleep 5; };         done ;     fi     && apt-get update -y     && apt-get install -y --no-install-recommends         python3.12         python3.12-dev         python3.12-venv         libibverbs-dev     && rm -rf /var/lib/apt/lists/*     && update-alternatives --install /usr/bin/python3 python3 /usr/bin/python3.12 1     && update-alternatives --set python3 /usr/bin/python3.12     && ln -sf /usr/bin/python3.12-config /usr/bin/python3-config     && curl -sS https://bootstrap.pypa.io/get-pip.py | python3.12     && python3 --version && python3 -m pip --version
#10 381.0 Setting up libxrender1:arm64 (1:0.9.10-1build4) ...
#10 381.2 Setting up libgbm1:arm64 (23.2.1-1ubuntu3.1~22.04.3) ...
#10 381.4 Setting up libpulse0:arm64 (1:15.99.1+dfsg1-1ubuntu2.2) ...
#10 382.1 Setting up libdrm-radeon1:arm64 (2.4.113-2~ubuntu0.22.04.1) ...
#10 382.3 Setting up libpango-1.0-0:arm64 (1.50.6+ds-2ubuntu1) ...
#10 382.5 Setting up libxext6:arm64 (2:1.3.4-1build1) ...
#10 382.8 Setting up pkexec (0.105-33) ...
#10 383.3 Setting up python3 (3.10.6-1~22.04.1) ...
#10 384.9 Setting up libopenal1:arm64 (1:1.19.1-2build3) ...
#10 384.9 Setting up libappstream4:arm64 (0.15.2-2) ...
#10 384.9 Setting up libcairo2:arm64 (1.16.0-5ubuntu2) ...
#10 385.0 Setting up libxxf86vm1:arm64 (1:1.1.4-1build3) ...
#10 385.0 Setting up python3-six (1.16.0-3ubuntu1) ...
#10 387.1 Setting up gir1.2-packagekitglib-1.0 (1.2.5-2ubuntu3) ...
#10 387.1 Setting up libass9:arm64 (1:0.15.2-1) ...
#10 387.2 Setting up python3-pyparsing (2.4.7-1) ...
#10 389.7 Setting up libxfixes3:arm64 (1:6.0.0-1) ...
#10 389.7 Setting up python3-gi (3.42.1-0ubuntu1) ...
#10 ...

#9 [vllm_chat base 1/8] FROM docker.io/nvidia/cuda:12.9.1-devel-ubuntu20.04@sha256:006428494316cab0cc7c62784d91d28b8f2163dde80db2de66434cfc1bf6eac0
#9 sha256:28a8250ccb3ce5ce383dfa2aef68181b89655711eb86f5b343c73f51432d8e16 676.33MB / 2.25GB 393.6s
#9 sha256:55ed784654146928b647b823eb30b13fa77fee75397f535dd44f47e1b06a5324 697.30MB / 2.82GB 393.9s
#9 sha256:28a8250ccb3ce5ce383dfa2aef68181b89655711eb86f5b343c73f51432d8e16 685.77MB / 2.25GB 398.7s
#9 sha256:55ed784654146928b647b823eb30b13fa77fee75397f535dd44f47e1b06a5324 706.74MB / 2.82GB 399.0s
#9 ...

#10 [vllm_chat vllm-base  4/16] RUN echo 'tzdata tzdata/Areas select America' | debconf-set-selections     && echo 'tzdata tzdata/Zones/America select Los_Angeles' | debconf-set-selections     && apt-get update -y     && apt-get install -y --no-install-recommends         software-properties-common         curl         sudo         python3-pip         ffmpeg         libsm6         libxext6         libgl1     && if [ ! -z ${DEADSNAKES_MIRROR_URL} ] ; then         if [ ! -z "${DEADSNAKES_GPGKEY_URL}" ] ; then             mkdir -p -m 0755 /etc/apt/keyrings ;             curl -L ${DEADSNAKES_GPGKEY_URL} | gpg --dearmor > /etc/apt/keyrings/deadsnakes.gpg ;             sudo chmod 644 /etc/apt/keyrings/deadsnakes.gpg ;             echo "deb [signed-by=/etc/apt/keyrings/deadsnakes.gpg] ${DEADSNAKES_MIRROR_URL} $(lsb_release -cs) main" > /etc/apt/sources.list.d/deadsnakes.list ;         fi ;     else         for i in 1 2 3; do             add-apt-repository -y ppa:deadsnakes/ppa && break ||             { echo "Attempt $i failed, retrying in 5s..."; sleep 5; };         done ;     fi     && apt-get update -y     && apt-get install -y --no-install-recommends         python3.12         python3.12-dev         python3.12-venv         libibverbs-dev     && rm -rf /var/lib/apt/lists/*     && update-alternatives --install /usr/bin/python3 python3 /usr/bin/python3.12 1     && update-alternatives --set python3 /usr/bin/python3.12     && ln -sf /usr/bin/python3.12-config /usr/bin/python3-config     && curl -sS https://bootstrap.pypa.io/get-pip.py | python3.12     && python3 --version && python3 -m pip --version
#10 392.3 Setting up shared-mime-info (2.1-2) ...
#10 396.6 Setting up libxinerama1:arm64 (2:1.1.4-3) ...
#10 396.7 Setting up libxv1:arm64 (2:1.0.11-1build2) ...
#10 396.7 Setting up libxrandr2:arm64 (2:1.5.2-1build1) ...
#10 396.7 Setting up python3-jeepney (0.7.1-3) ...
#10 399.4 Setting up libvdpau1:arm64 (1.4-3build2) ...
#10 399.4 Setting up libllvm15:arm64 (1:15.0.7-0ubuntu0.22.04.3) ...
#10 399.4 Setting up libtheora0:arm64 (1.1.1+dfsg.1-15ubuntu4) ...
#10 399.4 Setting up python3-httplib2 (0.20.2-2) ...
#10 401.7 Setting up libgdk-pixbuf-2.0-0:arm64 (2.42.8+dfsg-1ubuntu0.4) ...
#10 402.0 Setting up libcairo-gobject2:arm64 (1.16.0-5ubuntu2) ...
#10 402.0 Setting up libxss1:arm64 (1:1.2.3-1build2) ...
#10 402.0 Setting up libpangoft2-1.0-0:arm64 (1.50.6+ds-2ubuntu1) ...
#10 402.0 Setting up lsb-release (11.1.0ubuntu4) ...
#10 402.1 Setting up libbluray2:arm64 (1:1.3.1-1) ...
#10 402.1 Setting up libva-x11-2:arm64 (2.14.0-1) ...
#10 402.1 Setting up python3-lib2to3 (3.10.8-1~22.04) ...
#10 ...

#9 [vllm_chat base 1/8] FROM docker.io/nvidia/cuda:12.9.1-devel-ubuntu20.04@sha256:006428494316cab0cc7c62784d91d28b8f2163dde80db2de66434cfc1bf6eac0
#9 sha256:28a8250ccb3ce5ce383dfa2aef68181b89655711eb86f5b343c73f51432d8e16 695.21MB / 2.25GB 403.8s
#9 sha256:55ed784654146928b647b823eb30b13fa77fee75397f535dd44f47e1b06a5324 716.18MB / 2.82GB 404.1s
#9 sha256:28a8250ccb3ce5ce383dfa2aef68181b89655711eb86f5b343c73f51432d8e16 699.40MB / 2.25GB 408.8s
#9 sha256:55ed784654146928b647b823eb30b13fa77fee75397f535dd44f47e1b06a5324 720.37MB / 2.82GB 409.1s
#9 sha256:28a8250ccb3ce5ce383dfa2aef68181b89655711eb86f5b343c73f51432d8e16 708.84MB / 2.25GB 413.9s
#9 sha256:55ed784654146928b647b823eb30b13fa77fee75397f535dd44f47e1b06a5324 729.81MB / 2.82GB 414.2s
#9 ...

#10 [vllm_chat vllm-base  4/16] RUN echo 'tzdata tzdata/Areas select America' | debconf-set-selections     && echo 'tzdata tzdata/Zones/America select Los_Angeles' | debconf-set-selections     && apt-get update -y     && apt-get install -y --no-install-recommends         software-properties-common         curl         sudo         python3-pip         ffmpeg         libsm6         libxext6         libgl1     && if [ ! -z ${DEADSNAKES_MIRROR_URL} ] ; then         if [ ! -z "${DEADSNAKES_GPGKEY_URL}" ] ; then             mkdir -p -m 0755 /etc/apt/keyrings ;             curl -L ${DEADSNAKES_GPGKEY_URL} | gpg --dearmor > /etc/apt/keyrings/deadsnakes.gpg ;             sudo chmod 644 /etc/apt/keyrings/deadsnakes.gpg ;             echo "deb [signed-by=/etc/apt/keyrings/deadsnakes.gpg] ${DEADSNAKES_MIRROR_URL} $(lsb_release -cs) main" > /etc/apt/sources.list.d/deadsnakes.list ;         fi ;     else         for i in 1 2 3; do             add-apt-repository -y ppa:deadsnakes/ppa && break ||             { echo "Attempt $i failed, retrying in 5s..."; sleep 5; };         done ;     fi     && apt-get update -y     && apt-get install -y --no-install-recommends         python3.12         python3.12-dev         python3.12-venv         libibverbs-dev     && rm -rf /var/lib/apt/lists/*     && update-alternatives --install /usr/bin/python3 python3 /usr/bin/python3.12 1     && update-alternatives --set python3 /usr/bin/python3.12     && ln -sf /usr/bin/python3.12-config /usr/bin/python3-config     && curl -sS https://bootstrap.pypa.io/get-pip.py | python3.12     && python3 --version && python3 -m pip --version
#10 403.5 Setting up policykit-1 (0.105-33) ...
#10 403.8 Setting up python3-cffi-backend:arm64 (1.15.0-1build2) ...
#10 403.8 Setting up libpangocairo-1.0-0:arm64 (1.50.6+ds-2ubuntu1) ...
#10 403.8 Setting up python3-blinker (1.4+dfsg1-0.4) ...
#10 408.9 Setting up python3-pkg-resources (59.6.0-1.2ubuntu0.22.04.3) ...
#10 411.7 Setting up python3-distutils (3.10.8-1~22.04) ...
#10 413.3 Setting up python3-more-itertools (8.10.0-2) ...
#10 415.7 Setting up python3-dbus (1.2.18-3build1) ...
#10 ...

#9 [vllm_chat base 1/8] FROM docker.io/nvidia/cuda:12.9.1-devel-ubuntu20.04@sha256:006428494316cab0cc7c62784d91d28b8f2163dde80db2de66434cfc1bf6eac0
#9 sha256:28a8250ccb3ce5ce383dfa2aef68181b89655711eb86f5b343c73f51432d8e16 719.32MB / 2.25GB 419.0s
#9 sha256:55ed784654146928b647b823eb30b13fa77fee75397f535dd44f47e1b06a5324 738.20MB / 2.82GB 419.3s
#9 sha256:28a8250ccb3ce5ce383dfa2aef68181b89655711eb86f5b343c73f51432d8e16 729.81MB / 2.25GB 424.1s
#9 sha256:55ed784654146928b647b823eb30b13fa77fee75397f535dd44f47e1b06a5324 746.59MB / 2.82GB 424.4s
#9 ...

#10 [vllm_chat vllm-base  4/16] RUN echo 'tzdata tzdata/Areas select America' | debconf-set-selections     && echo 'tzdata tzdata/Zones/America select Los_Angeles' | debconf-set-selections     && apt-get update -y     && apt-get install -y --no-install-recommends         software-properties-common         curl         sudo         python3-pip         ffmpeg         libsm6         libxext6         libgl1     && if [ ! -z ${DEADSNAKES_MIRROR_URL} ] ; then         if [ ! -z "${DEADSNAKES_GPGKEY_URL}" ] ; then             mkdir -p -m 0755 /etc/apt/keyrings ;             curl -L ${DEADSNAKES_GPGKEY_URL} | gpg --dearmor > /etc/apt/keyrings/deadsnakes.gpg ;             sudo chmod 644 /etc/apt/keyrings/deadsnakes.gpg ;             echo "deb [signed-by=/etc/apt/keyrings/deadsnakes.gpg] ${DEADSNAKES_MIRROR_URL} $(lsb_release -cs) main" > /etc/apt/sources.list.d/deadsnakes.list ;         fi ;     else         for i in 1 2 3; do             add-apt-repository -y ppa:deadsnakes/ppa && break ||             { echo "Attempt $i failed, retrying in 5s..."; sleep 5; };         done ;     fi     && apt-get update -y     && apt-get install -y --no-install-recommends         python3.12         python3.12-dev         python3.12-venv         libibverbs-dev     && rm -rf /var/lib/apt/lists/*     && update-alternatives --install /usr/bin/python3 python3 /usr/bin/python3.12 1     && update-alternatives --set python3 /usr/bin/python3.12     && ln -sf /usr/bin/python3.12-config /usr/bin/python3-config     && curl -sS https://bootstrap.pypa.io/get-pip.py | python3.12     && python3 --version && python3 -m pip --version
#10 418.0 Setting up python3-setuptools (59.6.0-1.2ubuntu0.22.04.3) ...
#10 422.2 Setting up python3-distro (1.7.0-1) ...
#10 424.3 Setting up libxi6:arm64 (2:1.8-1build1) ...
#10 424.3 Setting up python3-jwt (2.3.0-1ubuntu0.2) ...
#10 426.6 Setting up libsphinxbase3:arm64 (0.8+5prealpha+1-13build1) ...
#10 426.6 Setting up python3-apt (2.4.0ubuntu4) ...
#10 ...

#9 [vllm_chat base 1/8] FROM docker.io/nvidia/cuda:12.9.1-devel-ubuntu20.04@sha256:006428494316cab0cc7c62784d91d28b8f2163dde80db2de66434cfc1bf6eac0
#9 sha256:28a8250ccb3ce5ce383dfa2aef68181b89655711eb86f5b343c73f51432d8e16 739.25MB / 2.25GB 429.2s
#9 sha256:55ed784654146928b647b823eb30b13fa77fee75397f535dd44f47e1b06a5324 756.02MB / 2.82GB 429.5s
#9 sha256:28a8250ccb3ce5ce383dfa2aef68181b89655711eb86f5b343c73f51432d8e16 749.73MB / 2.25GB 434.3s
#9 sha256:55ed784654146928b647b823eb30b13fa77fee75397f535dd44f47e1b06a5324 765.46MB / 2.82GB 434.6s
#9 sha256:28a8250ccb3ce5ce383dfa2aef68181b89655711eb86f5b343c73f51432d8e16 754.97MB / 2.25GB 440.2s
#9 sha256:55ed784654146928b647b823eb30b13fa77fee75397f535dd44f47e1b06a5324 770.70MB / 2.82GB 440.5s
#9 ...

#10 [vllm_chat vllm-base  4/16] RUN echo 'tzdata tzdata/Areas select America' | debconf-set-selections     && echo 'tzdata tzdata/Zones/America select Los_Angeles' | debconf-set-selections     && apt-get update -y     && apt-get install -y --no-install-recommends         software-properties-common         curl         sudo         python3-pip         ffmpeg         libsm6         libxext6         libgl1     && if [ ! -z ${DEADSNAKES_MIRROR_URL} ] ; then         if [ ! -z "${DEADSNAKES_GPGKEY_URL}" ] ; then             mkdir -p -m 0755 /etc/apt/keyrings ;             curl -L ${DEADSNAKES_GPGKEY_URL} | gpg --dearmor > /etc/apt/keyrings/deadsnakes.gpg ;             sudo chmod 644 /etc/apt/keyrings/deadsnakes.gpg ;             echo "deb [signed-by=/etc/apt/keyrings/deadsnakes.gpg] ${DEADSNAKES_MIRROR_URL} $(lsb_release -cs) main" > /etc/apt/sources.list.d/deadsnakes.list ;         fi ;     else         for i in 1 2 3; do             add-apt-repository -y ppa:deadsnakes/ppa && break ||             { echo "Attempt $i failed, retrying in 5s..."; sleep 5; };         done ;     fi     && apt-get update -y     && apt-get install -y --no-install-recommends         python3.12         python3.12-dev         python3.12-venv         libibverbs-dev     && rm -rf /var/lib/apt/lists/*     && update-alternatives --install /usr/bin/python3 python3 /usr/bin/python3.12 1     && update-alternatives --set python3 /usr/bin/python3.12     && ln -sf /usr/bin/python3.12-config /usr/bin/python3-config     && curl -sS https://bootstrap.pypa.io/get-pip.py | python3.12     && python3 --version && python3 -m pip --version
#10 428.9 Setting up libxcursor1:arm64 (1:1.2.0-2build4) ...
#10 429.0 Setting up libgl1-mesa-dri:arm64 (23.2.1-1ubuntu3.1~22.04.3) ...
#10 429.1 Setting up python3-lazr.uri (1.0.6-2) ...
#10 431.3 Setting up python3-zipp (1.0.0-3ubuntu0.1) ...
#10 433.4 Setting up python3-wheel (0.37.1-2ubuntu0.22.04.1) ...
#10 435.9 Setting up libavutil56:arm64 (7:4.4.2-0ubuntu0.22.04.1) ...
#10 436.2 Setting up librsvg2-2:arm64 (2.52.5+dfsg-3ubuntu0.2) ...
#10 436.4 Setting up libpocketsphinx3:arm64 (0.8.0+real5prealpha+1-14ubuntu1) ...
#10 436.6 Setting up python3-cryptography (3.4.8-1ubuntu2.2) ...
#10 ...

#9 [vllm_chat base 1/8] FROM docker.io/nvidia/cuda:12.9.1-devel-ubuntu20.04@sha256:006428494316cab0cc7c62784d91d28b8f2163dde80db2de66434cfc1bf6eac0
#9 sha256:28a8250ccb3ce5ce383dfa2aef68181b89655711eb86f5b343c73f51432d8e16 764.41MB / 2.25GB 445.3s
#9 sha256:55ed784654146928b647b823eb30b13fa77fee75397f535dd44f47e1b06a5324 781.19MB / 2.82GB 445.6s
#9 sha256:28a8250ccb3ce5ce383dfa2aef68181b89655711eb86f5b343c73f51432d8e16 772.80MB / 2.25GB 450.4s
#9 sha256:55ed784654146928b647b823eb30b13fa77fee75397f535dd44f47e1b06a5324 790.63MB / 2.82GB 450.7s
#9 ...

#10 [vllm_chat vllm-base  4/16] RUN echo 'tzdata tzdata/Areas select America' | debconf-set-selections     && echo 'tzdata tzdata/Zones/America select Los_Angeles' | debconf-set-selections     && apt-get update -y     && apt-get install -y --no-install-recommends         software-properties-common         curl         sudo         python3-pip         ffmpeg         libsm6         libxext6         libgl1     && if [ ! -z ${DEADSNAKES_MIRROR_URL} ] ; then         if [ ! -z "${DEADSNAKES_GPGKEY_URL}" ] ; then             mkdir -p -m 0755 /etc/apt/keyrings ;             curl -L ${DEADSNAKES_GPGKEY_URL} | gpg --dearmor > /etc/apt/keyrings/deadsnakes.gpg ;             sudo chmod 644 /etc/apt/keyrings/deadsnakes.gpg ;             echo "deb [signed-by=/etc/apt/keyrings/deadsnakes.gpg] ${DEADSNAKES_MIRROR_URL} $(lsb_release -cs) main" > /etc/apt/sources.list.d/deadsnakes.list ;         fi ;     else         for i in 1 2 3; do             add-apt-repository -y ppa:deadsnakes/ppa && break ||             { echo "Attempt $i failed, retrying in 5s..."; sleep 5; };         done ;     fi     && apt-get update -y     && apt-get install -y --no-install-recommends         python3.12         python3.12-dev         python3.12-venv         libibverbs-dev     && rm -rf /var/lib/apt/lists/*     && update-alternatives --install /usr/bin/python3 python3 /usr/bin/python3.12 1     && update-alternatives --set python3 /usr/bin/python3.12     && ln -sf /usr/bin/python3.12-config /usr/bin/python3-config     && curl -sS https://bootstrap.pypa.io/get-pip.py | python3.12     && python3 --version && python3 -m pip --version
#10 443.0 Setting up python3-wadllib (1.3.6-1) ...
#10 445.6 Setting up libpostproc55:arm64 (7:4.4.2-0ubuntu0.22.04.1) ...
#10 445.8 Setting up python3-pip (22.0.2+dfsg-1ubuntu0.7) ...
#10 ...

#9 [vllm_chat base 1/8] FROM docker.io/nvidia/cuda:12.9.1-devel-ubuntu20.04@sha256:006428494316cab0cc7c62784d91d28b8f2163dde80db2de66434cfc1bf6eac0
#9 sha256:28a8250ccb3ce5ce383dfa2aef68181b89655711eb86f5b343c73f51432d8e16 782.24MB / 2.25GB 455.5s
#9 sha256:55ed784654146928b647b823eb30b13fa77fee75397f535dd44f47e1b06a5324 801.11MB / 2.82GB 455.8s
#9 sha256:28a8250ccb3ce5ce383dfa2aef68181b89655711eb86f5b343c73f51432d8e16 791.67MB / 2.25GB 460.6s
#9 sha256:55ed784654146928b647b823eb30b13fa77fee75397f535dd44f47e1b06a5324 810.55MB / 2.82GB 460.9s
#9 sha256:28a8250ccb3ce5ce383dfa2aef68181b89655711eb86f5b343c73f51432d8e16 801.11MB / 2.25GB 465.7s
#9 sha256:55ed784654146928b647b823eb30b13fa77fee75397f535dd44f47e1b06a5324 821.04MB / 2.82GB 466.0s
#9 ...

#10 [vllm_chat vllm-base  4/16] RUN echo 'tzdata tzdata/Areas select America' | debconf-set-selections     && echo 'tzdata tzdata/Zones/America select Los_Angeles' | debconf-set-selections     && apt-get update -y     && apt-get install -y --no-install-recommends         software-properties-common         curl         sudo         python3-pip         ffmpeg         libsm6         libxext6         libgl1     && if [ ! -z ${DEADSNAKES_MIRROR_URL} ] ; then         if [ ! -z "${DEADSNAKES_GPGKEY_URL}" ] ; then             mkdir -p -m 0755 /etc/apt/keyrings ;             curl -L ${DEADSNAKES_GPGKEY_URL} | gpg --dearmor > /etc/apt/keyrings/deadsnakes.gpg ;             sudo chmod 644 /etc/apt/keyrings/deadsnakes.gpg ;             echo "deb [signed-by=/etc/apt/keyrings/deadsnakes.gpg] ${DEADSNAKES_MIRROR_URL} $(lsb_release -cs) main" > /etc/apt/sources.list.d/deadsnakes.list ;         fi ;     else         for i in 1 2 3; do             add-apt-repository -y ppa:deadsnakes/ppa && break ||             { echo "Attempt $i failed, retrying in 5s..."; sleep 5; };         done ;     fi     && apt-get update -y     && apt-get install -y --no-install-recommends         python3.12         python3.12-dev         python3.12-venv         libibverbs-dev     && rm -rf /var/lib/apt/lists/*     && update-alternatives --install /usr/bin/python3 python3 /usr/bin/python3.12 1     && update-alternatives --set python3 /usr/bin/python3.12     && ln -sf /usr/bin/python3.12-config /usr/bin/python3-config     && curl -sS https://bootstrap.pypa.io/get-pip.py | python3.12     && python3 --version && python3 -m pip --version
#10 457.2 Setting up packagekit (1.2.5-2ubuntu3) ...
#10 457.4 invoke-rc.d: could not determine current runlevel
#10 457.5 invoke-rc.d: policy-rc.d denied execution of force-reload.
#10 457.5 Failed to open connection to "system" message bus: Failed to connect to socket /run/dbus/system_bus_socket: No such file or directory
#10 459.4 Created symlink /etc/systemd/user/sockets.target.wants/pk-debconf-helper.socket → /usr/lib/systemd/user/pk-debconf-helper.socket.
#10 459.5 Setting up libswscale5:arm64 (7:4.4.2-0ubuntu0.22.04.1) ...
#10 459.5 Setting up libsdl2-2.0-0:arm64 (2.0.20+dfsg-2ubuntu1.22.04.1) ...
#10 459.5 Setting up libglx-mesa0:arm64 (23.2.1-1ubuntu3.1~22.04.3) ...
#10 459.5 Setting up python3-importlib-metadata (4.6.4-1) ...
#10 461.9 Setting up libglx0:arm64 (1.4.0-1) ...
#10 461.9 Setting up libswresample3:arm64 (7:4.4.2-0ubuntu0.22.04.1) ...
#10 461.9 Setting up python3-oauthlib (3.2.0-1ubuntu0.1) ...
#10 464.5 Setting up libgl1:arm64 (1.4.0-1) ...
#10 464.5 Setting up python3-secretstorage (3.3.1-1) ...
#10 466.7 Setting up python3-keyring (23.5.0-1) ...
#10 ...

#9 [vllm_chat base 1/8] FROM docker.io/nvidia/cuda:12.9.1-devel-ubuntu20.04@sha256:006428494316cab0cc7c62784d91d28b8f2163dde80db2de66434cfc1bf6eac0
#9 sha256:28a8250ccb3ce5ce383dfa2aef68181b89655711eb86f5b343c73f51432d8e16 809.50MB / 2.25GB 471.0s
#9 sha256:55ed784654146928b647b823eb30b13fa77fee75397f535dd44f47e1b06a5324 828.38MB / 2.82GB 471.3s
#9 sha256:28a8250ccb3ce5ce383dfa2aef68181b89655711eb86f5b343c73f51432d8e16 819.99MB / 2.25GB 476.1s
#9 sha256:55ed784654146928b647b823eb30b13fa77fee75397f535dd44f47e1b06a5324 838.86MB / 2.82GB 476.4s
#9 ...

#10 [vllm_chat vllm-base  4/16] RUN echo 'tzdata tzdata/Areas select America' | debconf-set-selections     && echo 'tzdata tzdata/Zones/America select Los_Angeles' | debconf-set-selections     && apt-get update -y     && apt-get install -y --no-install-recommends         software-properties-common         curl         sudo         python3-pip         ffmpeg         libsm6         libxext6         libgl1     && if [ ! -z ${DEADSNAKES_MIRROR_URL} ] ; then         if [ ! -z "${DEADSNAKES_GPGKEY_URL}" ] ; then             mkdir -p -m 0755 /etc/apt/keyrings ;             curl -L ${DEADSNAKES_GPGKEY_URL} | gpg --dearmor > /etc/apt/keyrings/deadsnakes.gpg ;             sudo chmod 644 /etc/apt/keyrings/deadsnakes.gpg ;             echo "deb [signed-by=/etc/apt/keyrings/deadsnakes.gpg] ${DEADSNAKES_MIRROR_URL} $(lsb_release -cs) main" > /etc/apt/sources.list.d/deadsnakes.list ;         fi ;     else         for i in 1 2 3; do             add-apt-repository -y ppa:deadsnakes/ppa && break ||             { echo "Attempt $i failed, retrying in 5s..."; sleep 5; };         done ;     fi     && apt-get update -y     && apt-get install -y --no-install-recommends         python3.12         python3.12-dev         python3.12-venv         libibverbs-dev     && rm -rf /var/lib/apt/lists/*     && update-alternatives --install /usr/bin/python3 python3 /usr/bin/python3.12 1     && update-alternatives --set python3 /usr/bin/python3.12     && ln -sf /usr/bin/python3.12-config /usr/bin/python3-config     && curl -sS https://bootstrap.pypa.io/get-pip.py | python3.12     && python3 --version && python3 -m pip --version
#10 469.1 Setting up libavcodec58:arm64 (7:4.4.2-0ubuntu0.22.04.1) ...
#10 469.1 Setting up python3-lazr.restfulclient (0.14.4-1) ...
#10 472.4 Setting up libchromaprint1:arm64 (1.5.1-2) ...
#10 472.4 Setting up libavformat58:arm64 (7:4.4.2-0ubuntu0.22.04.1) ...
#10 472.4 Setting up python3-launchpadlib (1.10.16-1) ...
#10 474.8 Setting up python3-software-properties (0.99.22.9) ...
#10 477.1 Setting up libavfilter7:arm64 (7:4.4.2-0ubuntu0.22.04.1) ...
#10 477.1 Setting up software-properties-common (0.99.22.9) ...
#10 479.3 Setting up libavdevice58:arm64 (7:4.4.2-0ubuntu0.22.04.1) ...
#10 479.3 Setting up ffmpeg (7:4.4.2-0ubuntu0.22.04.1) ...
#10 479.3 Processing triggers for libc-bin (2.35-0ubuntu3.10) ...
#10 479.4 qemu: uncaught target signal 11 (Segmentation fault) - core dumped
#10 ...

#9 [vllm_chat base 1/8] FROM docker.io/nvidia/cuda:12.9.1-devel-ubuntu20.04@sha256:006428494316cab0cc7c62784d91d28b8f2163dde80db2de66434cfc1bf6eac0
#9 sha256:55ed784654146928b647b823eb30b13fa77fee75397f535dd44f47e1b06a5324 848.30MB / 2.82GB 481.5s
#9 sha256:28a8250ccb3ce5ce383dfa2aef68181b89655711eb86f5b343c73f51432d8e16 829.42MB / 2.25GB 481.2s
#9 DONE 481.9s

#10 [vllm_chat vllm-base  4/16] RUN echo 'tzdata tzdata/Areas select America' | debconf-set-selections     && echo 'tzdata tzdata/Zones/America select Los_Angeles' | debconf-set-selections     && apt-get update -y     && apt-get install -y --no-install-recommends         software-properties-common         curl         sudo         python3-pip         ffmpeg         libsm6         libxext6         libgl1     && if [ ! -z ${DEADSNAKES_MIRROR_URL} ] ; then         if [ ! -z "${DEADSNAKES_GPGKEY_URL}" ] ; then             mkdir -p -m 0755 /etc/apt/keyrings ;             curl -L ${DEADSNAKES_GPGKEY_URL} | gpg --dearmor > /etc/apt/keyrings/deadsnakes.gpg ;             sudo chmod 644 /etc/apt/keyrings/deadsnakes.gpg ;             echo "deb [signed-by=/etc/apt/keyrings/deadsnakes.gpg] ${DEADSNAKES_MIRROR_URL} $(lsb_release -cs) main" > /etc/apt/sources.list.d/deadsnakes.list ;         fi ;     else         for i in 1 2 3; do             add-apt-repository -y ppa:deadsnakes/ppa && break ||             { echo "Attempt $i failed, retrying in 5s..."; sleep 5; };         done ;     fi     && apt-get update -y     && apt-get install -y --no-install-recommends         python3.12         python3.12-dev         python3.12-venv         libibverbs-dev     && rm -rf /var/lib/apt/lists/*     && update-alternatives --install /usr/bin/python3 python3 /usr/bin/python3.12 1     && update-alternatives --set python3 /usr/bin/python3.12     && ln -sf /usr/bin/python3.12-config /usr/bin/python3-config     && curl -sS https://bootstrap.pypa.io/get-pip.py | python3.12     && python3 --version && python3 -m pip --version
#10 480.5 Segmentation fault (core dumped)
#10 480.6 qemu: uncaught target signal 11 (Segmentation fault) - core dumped
#10 481.6 Segmentation fault (core dumped)
#10 481.6 dpkg: error processing package libc-bin (--configure):
#10 481.6  installed libc-bin package post-installation script subprocess returned error exit status 139
#10 481.6 Processing triggers for dbus (1.12.20-2ubuntu4.1) ...
#10 481.7 Errors were encountered while processing:
#10 481.7  libc-bin
#10 481.8 E: Sub-process /usr/bin/dpkg returned an error code (1)
#10 ERROR: process "/bin/bash -c echo 'tzdata tzdata/Areas select America' | debconf-set-selections     && echo 'tzdata tzdata/Zones/America select Los_Angeles' | debconf-set-selections     && apt-get update -y     && apt-get install -y --no-install-recommends         software-properties-common         curl         sudo         python3-pip         ffmpeg         libsm6         libxext6         libgl1     && if [ ! -z ${DEADSNAKES_MIRROR_URL} ] ; then         if [ ! -z \"${DEADSNAKES_GPGKEY_URL}\" ] ; then             mkdir -p -m 0755 /etc/apt/keyrings ;             curl -L ${DEADSNAKES_GPGKEY_URL} | gpg --dearmor > /etc/apt/keyrings/deadsnakes.gpg ;             sudo chmod 644 /etc/apt/keyrings/deadsnakes.gpg ;             echo \"deb [signed-by=/etc/apt/keyrings/deadsnakes.gpg] ${DEADSNAKES_MIRROR_URL} $(lsb_release -cs) main\" > /etc/apt/sources.list.d/deadsnakes.list ;         fi ;     else         for i in 1 2 3; do             add-apt-repository -y ppa:deadsnakes/ppa && break ||             { echo \"Attempt $i failed, retrying in 5s...\"; sleep 5; };         done ;     fi     && apt-get update -y     && apt-get install -y --no-install-recommends         python${PYTHON_VERSION}         python${PYTHON_VERSION}-dev         python${PYTHON_VERSION}-venv         libibverbs-dev     && rm -rf /var/lib/apt/lists/*     && update-alternatives --install /usr/bin/python3 python3 /usr/bin/python${PYTHON_VERSION} 1     && update-alternatives --set python3 /usr/bin/python${PYTHON_VERSION}     && ln -sf /usr/bin/python${PYTHON_VERSION}-config /usr/bin/python3-config     && curl -sS ${GET_PIP_URL} | python${PYTHON_VERSION}     && python3 --version && python3 -m pip --version" did not complete successfully: exit code: 100

#12 [vllm_chat base 2/8] RUN echo 'tzdata tzdata/Areas select America' | debconf-set-selections     && echo 'tzdata tzdata/Zones/America select Los_Angeles' | debconf-set-selections     && apt-get update -y     && apt-get install -y --no-install-recommends         ccache         software-properties-common         git         curl         sudo         python3-pip         libibverbs-dev         gcc-10         g++-10     && update-alternatives --install /usr/bin/gcc gcc /usr/bin/gcc-10 110 --slave /usr/bin/g++ g++ /usr/bin/g++-10     && rm -rf /var/lib/apt/lists/*     && curl -LsSf https://astral.sh/uv/install.sh | sh     && $HOME/.local/bin/uv venv /opt/venv --python 3.12     && rm -f /usr/bin/python3 /usr/bin/python3-config /usr/bin/pip     && ln -s /opt/venv/bin/python3 /usr/bin/python3     && ln -s /opt/venv/bin/python3-config /usr/bin/python3-config     && ln -s /opt/venv/bin/pip /usr/bin/pip     && python3 --version && python3 -m pip --version
#12 CANCELED
------
 > [vllm_chat vllm-base  4/16] RUN echo 'tzdata tzdata/Areas select America' | debconf-set-selections     && echo 'tzdata tzdata/Zones/America select Los_Angeles' | debconf-set-selections     && apt-get update -y     && apt-get install -y --no-install-recommends         software-properties-common         curl         sudo         python3-pip         ffmpeg         libsm6         libxext6         libgl1     && if [ ! -z ${DEADSNAKES_MIRROR_URL} ] ; then         if [ ! -z "${DEADSNAKES_GPGKEY_URL}" ] ; then             mkdir -p -m 0755 /etc/apt/keyrings ;             curl -L ${DEADSNAKES_GPGKEY_URL} | gpg --dearmor > /etc/apt/keyrings/deadsnakes.gpg ;             sudo chmod 644 /etc/apt/keyrings/deadsnakes.gpg ;             echo "deb [signed-by=/etc/apt/keyrings/deadsnakes.gpg] ${DEADSNAKES_MIRROR_URL} $(lsb_release -cs) main" > /etc/apt/sources.list.d/deadsnakes.list ;         fi ;     else         for i in 1 2 3; do             add-apt-repository -y ppa:deadsnakes/ppa && break ||             { echo "Attempt $i failed, retrying in 5s..."; sleep 5; };         done ;     fi     && apt-get update -y     && apt-get install -y --no-install-recommends         python3.12         python3.12-dev         python3.12-venv         libibverbs-dev     && rm -rf /var/lib/apt/lists/*     && update-alternatives --install /usr/bin/python3 python3 /usr/bin/python3.12 1     && update-alternatives --set python3 /usr/bin/python3.12     && ln -sf /usr/bin/python3.12-config /usr/bin/python3-config     && curl -sS https://bootstrap.pypa.io/get-pip.py | python3.12     && python3 --version && python3 -m pip --version:
479.4 qemu: uncaught target signal 11 (Segmentation fault) - core dumped
480.5 Segmentation fault (core dumped)
480.6 qemu: uncaught target signal 11 (Segmentation fault) - core dumped
481.6 Segmentation fault (core dumped)
481.6 dpkg: error processing package libc-bin (--configure):
481.6  installed libc-bin package post-installation script subprocess returned error exit status 139
481.6 Processing triggers for dbus (1.12.20-2ubuntu4.1) ...
481.7 Errors were encountered while processing:
481.7  libc-bin
481.8 E: Sub-process /usr/bin/dpkg returned an error code (1)
------
